時間,成交價,成交張數
2024-05-19 13:30:00,516.0,993.0
2024-05-19 13:29:55,512.0,0.0
2024-05-19 13:29:50,512.0,0.0
2024-05-19 13:29:45,512.0,0.0
2024-05-19 13:29:40,512.0,0.0
2024-05-19 13:29:35,512.0,0.0
2024-05-19 13:29:30,512.0,0.0
2024-05-19 13:29:25,512.0,0.0
2024-05-19 13:29:20,512.0,0.0
2024-05-19 13:29:15,512.0,0.0
2024-05-19 13:29:10,512.0,0.0
2024-05-19 13:29:05,512.0,0.0
2024-05-19 13:29:00,512.0,0.0
2024-05-19 13:28:55,512.0,0.0
2024-05-19 13:28:50,512.0,0.0
2024-05-19 13:28:45,512.0,0.0
2024-05-19 13:28:40,512.0,0.0
2024-05-19 13:28:35,512.0,0.0
2024-05-19 13:28:30,512.0,0.0
2024-05-19 13:28:25,512.0,0.0
2024-05-19 13:28:20,512.0,0.0
2024-05-19 13:28:15,512.0,0.0
2024-05-19 13:28:10,512.0,0.0
2024-05-19 13:28:05,512.0,0.0
2024-05-19 13:28:00,512.0,0.0
2024-05-19 13:27:55,512.0,0.0
2024-05-19 13:27:50,512.0,0.0
2024-05-19 13:27:45,512.0,0.0
2024-05-19 13:27:40,512.0,0.0
2024-05-19 13:27:35,512.0,0.0
2024-05-19 13:27:30,512.0,0.0
2024-05-19 13:27:25,512.0,0.0
2024-05-19 13:27:20,512.0,0.0
2024-05-19 13:27:15,512.0,0.0
2024-05-19 13:27:10,512.0,0.0
2024-05-19 13:27:05,512.0,0.0
2024-05-19 13:27:00,512.0,0.0
2024-05-19 13:26:55,512.0,0.0
2024-05-19 13:26:50,512.0,0.0
2024-05-19 13:26:45,512.0,0.0
2024-05-19 13:26:40,512.0,0.0
2024-05-19 13:26:35,512.0,0.0
2024-05-19 13:26:30,512.0,0.0
2024-05-19 13:26:25,512.0,0.0
2024-05-19 13:26:20,512.0,0.0
2024-05-19 13:26:15,512.0,0.0
2024-05-19 13:26:10,512.0,0.0
2024-05-19 13:26:05,512.0,0.0
2024-05-19 13:26:00,512.0,0.0
2024-05-19 13:25:55,512.0,0.0
2024-05-19 13:25:50,512.0,0.0
2024-05-19 13:25:45,512.0,0.0
2024-05-19 13:25:40,512.0,0.0
2024-05-19 13:25:35,512.0,0.0
2024-05-19 13:25:30,512.0,0.0
2024-05-19 13:25:25,512.0,0.0
2024-05-19 13:25:20,512.0,0.0
2024-05-19 13:25:15,512.0,0.0
2024-05-19 13:25:10,512.0,0.0
2024-05-19 13:25:05,512.0,0.0
2024-05-19 13:25:00,512.0,0.0
2024-05-19 13:24:55,512.0,2.0
2024-05-19 13:24:50,512.0,1.0
2024-05-19 13:24:45,513.0,0.0
2024-05-19 13:24:40,513.0,0.0
2024-05-19 13:24:35,513.0,0.0
2024-05-19 13:24:30,513.0,1.0
2024-05-19 13:24:25,513.0,3.0
2024-05-19 13:24:20,512.0,1.0
2024-05-19 13:24:15,512.0,10.0
2024-05-19 13:24:10,512.0,1.0
2024-05-19 13:24:05,513.0,0.0
2024-05-19 13:24:00,513.0,3.0
2024-05-19 13:23:55,513.0,16.0
2024-05-19 13:23:50,511.0,6.0
2024-05-19 13:23:45,512.0,4.0
2024-05-19 13:23:40,513.0,2.0
2024-05-19 13:23:35,512.0,2.0
2024-05-19 13:23:30,512.0,3.0
2024-05-19 13:23:25,513.0,3.0
2024-05-19 13:23:20,512.0,3.0
2024-05-19 13:23:15,512.0,2.0
2024-05-19 13:23:10,512.0,10.0
2024-05-19 13:23:05,513.0,1.0
2024-05-19 13:23:00,512.0,2.0
2024-05-19 13:22:55,513.0,1.0
2024-05-19 13:22:50,513.0,1.0
2024-05-19 13:22:45,512.0,2.0
2024-05-19 13:22:40,513.0,1.0
2024-05-19 13:22:35,513.0,2.0
2024-05-19 13:22:30,513.0,1.0
2024-05-19 13:22:25,513.0,0.0
2024-05-19 13:22:20,513.0,1.0
2024-05-19 13:22:15,512.0,2.0
2024-05-19 13:22:10,512.0,0.0
2024-05-19 13:22:05,512.0,3.0
2024-05-19 13:22:00,512.0,2.0
2024-05-19 13:21:55,513.0,0.0
2024-05-19 13:21:50,513.0,3.0
2024-05-19 13:21:45,513.0,2.0
2024-05-19 13:21:40,512.0,0.0
2024-05-19 13:21:35,512.0,3.0
2024-05-19 13:21:30,513.0,1.0
2024-05-19 13:21:25,513.0,1.0
2024-05-19 13:21:20,513.0,0.0
2024-05-19 13:21:15,513.0,4.0
2024-05-19 13:21:10,512.0,3.0
2024-05-19 13:21:05,513.0,0.0
2024-05-19 13:21:00,513.0,1.0
2024-05-19 13:20:55,513.0,1.0
2024-05-19 13:20:50,513.0,0.0
2024-05-19 13:20:45,513.0,13.0
2024-05-19 13:20:40,514.0,1.0
2024-05-19 13:20:35,514.0,0.0
2024-05-19 13:20:30,514.0,1.0
2024-05-19 13:20:25,514.0,2.0
2024-05-19 13:20:20,514.0,1.0
2024-05-19 13:20:15,514.0,0.0
2024-05-19 13:20:10,514.0,1.0
2024-05-19 13:20:05,514.0,1.0
2024-05-19 13:20:00,514.0,0.0
2024-05-19 13:19:55,514.0,2.0
2024-05-19 13:19:50,514.0,8.0
2024-05-19 13:19:45,513.0,0.0
2024-05-19 13:19:40,513.0,2.0
2024-05-19 13:19:35,514.0,2.0
2024-05-19 13:19:30,514.0,1.0
2024-05-19 13:19:25,514.0,2.0
2024-05-19 13:19:20,514.0,1.0
2024-05-19 13:19:15,514.0,0.0
2024-05-19 13:19:10,514.0,1.0
2024-05-19 13:19:05,514.0,2.0
2024-05-19 13:19:00,514.0,1.0
2024-05-19 13:18:55,514.0,0.0
2024-05-19 13:18:50,514.0,1.0
2024-05-19 13:18:45,514.0,1.0
2024-05-19 13:18:40,514.0,0.0
2024-05-19 13:18:35,514.0,1.0
2024-05-19 13:18:30,513.0,2.0
2024-05-19 13:18:25,514.0,0.0
2024-05-19 13:18:20,514.0,2.0
2024-05-19 13:18:15,514.0,1.0
2024-05-19 13:18:10,514.0,1.0
2024-05-19 13:18:05,513.0,15.0
2024-05-19 13:18:00,513.0,1.0
2024-05-19 13:17:55,513.0,2.0
2024-05-19 13:17:50,514.0,2.0
2024-05-19 13:17:45,513.0,1.0
2024-05-19 13:17:40,513.0,10.0
2024-05-19 13:17:35,513.0,16.0
2024-05-19 13:17:30,513.0,1.0
2024-05-19 13:17:25,513.0,3.0
2024-05-19 13:17:20,513.0,7.0
2024-05-19 13:17:15,513.0,15.0
2024-05-19 13:17:10,513.0,1.0
2024-05-19 13:17:05,512.0,2.0
2024-05-19 13:17:00,513.0,1.0
2024-05-19 13:16:55,513.0,1.0
2024-05-19 13:16:50,513.0,16.0
2024-05-19 13:16:45,512.0,1.0
2024-05-19 13:16:40,513.0,1.0
2024-05-19 13:16:35,513.0,1.0
2024-05-19 13:16:30,512.0,1.0
2024-05-19 13:16:25,513.0,1.0
2024-05-19 13:16:20,513.0,2.0
2024-05-19 13:16:15,513.0,0.0
2024-05-19 13:16:10,513.0,1.0
2024-05-19 13:16:05,513.0,7.0
2024-05-19 13:16:00,513.0,0.0
2024-05-19 13:15:55,513.0,1.0
2024-05-19 13:15:50,513.0,1.0
2024-05-19 13:15:45,513.0,2.0
2024-05-19 13:15:40,513.0,2.0
2024-05-19 13:15:35,513.0,1.0
2024-05-19 13:15:30,513.0,1.0
2024-05-19 13:15:25,513.0,0.0
2024-05-19 13:15:20,513.0,1.0
2024-05-19 13:15:15,512.0,2.0
2024-05-19 13:15:10,512.0,5.0
2024-05-19 13:15:05,513.0,1.0
2024-05-19 13:15:00,512.0,3.0
2024-05-19 13:14:55,512.0,5.0
2024-05-19 13:14:50,513.0,0.0
2024-05-19 13:14:45,513.0,4.0
2024-05-19 13:14:40,513.0,0.0
2024-05-19 13:14:35,513.0,1.0
2024-05-19 13:14:30,513.0,2.0
2024-05-19 13:14:25,512.0,3.0
2024-05-19 13:14:20,512.0,6.0
2024-05-19 13:14:15,513.0,1.0
2024-05-19 13:14:10,513.0,3.0
2024-05-19 13:14:05,512.0,2.0
2024-05-19 13:14:00,513.0,1.0
2024-05-19 13:13:55,512.0,5.0
2024-05-19 13:13:50,513.0,0.0
2024-05-19 13:13:45,513.0,1.0
2024-05-19 13:13:40,513.0,2.0
2024-05-19 13:13:35,513.0,1.0
2024-05-19 13:13:30,513.0,0.0
2024-05-19 13:13:25,513.0,1.0
2024-05-19 13:13:20,513.0,1.0
2024-05-19 13:13:15,512.0,2.0
2024-05-19 13:13:10,512.0,3.0
2024-05-19 13:13:05,512.0,3.0
2024-05-19 13:13:00,512.0,2.0
2024-05-19 13:12:55,512.0,1.0
2024-05-19 13:12:50,512.0,1.0
2024-05-19 13:12:45,512.0,0.0
2024-05-19 13:12:40,512.0,1.0
2024-05-19 13:12:35,512.0,1.0
2024-05-19 13:12:30,512.0,3.0
2024-05-19 13:12:25,512.0,0.0
2024-05-19 13:12:20,512.0,1.0
2024-05-19 13:12:15,512.0,1.0
2024-05-19 13:12:10,512.0,0.0
2024-05-19 13:12:05,512.0,1.0
2024-05-19 13:12:00,512.0,1.0
2024-05-19 13:11:55,512.0,1.0
2024-05-19 13:11:50,512.0,1.0
2024-05-19 13:11:45,512.0,1.0
2024-05-19 13:11:40,512.0,1.0
2024-05-19 13:11:35,512.0,1.0
2024-05-19 13:11:30,512.0,1.0
2024-05-19 13:11:25,512.0,0.0
2024-05-19 13:11:20,512.0,1.0
2024-05-19 13:11:15,512.0,1.0
2024-05-19 13:11:10,512.0,2.0
2024-05-19 13:11:05,512.0,0.0
2024-05-19 13:11:00,512.0,1.0
2024-05-19 13:10:55,512.0,1.0
2024-05-19 13:10:50,512.0,0.0
2024-05-19 13:10:45,512.0,3.0
2024-05-19 13:10:40,512.0,2.0
2024-05-19 13:10:35,512.0,0.0
2024-05-19 13:10:30,512.0,1.0
2024-05-19 13:10:25,512.0,4.0
2024-05-19 13:10:20,512.0,1.0
2024-05-19 13:10:15,512.0,0.0
2024-05-19 13:10:10,512.0,1.0
2024-05-19 13:10:05,512.0,1.0
2024-05-19 13:10:00,512.0,1.0
2024-05-19 13:09:55,512.0,1.0
2024-05-19 13:09:50,511.0,2.0
2024-05-19 13:09:45,512.0,1.0
2024-05-19 13:09:40,512.0,1.0
2024-05-19 13:09:35,512.0,1.0
2024-05-19 13:09:30,512.0,0.0
2024-05-19 13:09:25,512.0,1.0
2024-05-19 13:09:20,512.0,1.0
2024-05-19 13:09:15,512.0,1.0
2024-05-19 13:09:10,512.0,0.0
2024-05-19 13:09:05,512.0,1.0
2024-05-19 13:09:00,512.0,1.0
2024-05-19 13:08:55,512.0,0.0
2024-05-19 13:08:50,512.0,1.0
2024-05-19 13:08:45,512.0,1.0
2024-05-19 13:08:40,512.0,0.0
2024-05-19 13:08:35,512.0,2.0
2024-05-19 13:08:30,512.0,2.0
2024-05-19 13:08:25,513.0,0.0
2024-05-19 13:08:20,513.0,2.0
2024-05-19 13:08:15,512.0,34.0
2024-05-19 13:08:10,513.0,0.0
2024-05-19 13:08:05,513.0,2.0
2024-05-19 13:08:00,513.0,1.0
2024-05-19 13:07:55,513.0,3.0
2024-05-19 13:07:50,513.0,1.0
2024-05-19 13:07:45,513.0,1.0
2024-05-19 13:07:40,513.0,1.0
2024-05-19 13:07:35,513.0,5.0
2024-05-19 13:07:30,513.0,1.0
2024-05-19 13:07:25,513.0,4.0
2024-05-19 13:07:20,513.0,2.0
2024-05-19 13:07:15,513.0,2.0
2024-05-19 13:07:10,513.0,1.0
2024-05-19 13:07:05,513.0,1.0
2024-05-19 13:07:00,513.0,1.0
2024-05-19 13:06:55,513.0,1.0
2024-05-19 13:06:50,513.0,0.0
2024-05-19 13:06:45,513.0,1.0
2024-05-19 13:06:40,513.0,1.0
2024-05-19 13:06:35,513.0,1.0
2024-05-19 13:06:30,513.0,0.0
2024-05-19 13:06:25,513.0,4.0
2024-05-19 13:06:20,513.0,1.0
2024-05-19 13:06:15,513.0,0.0
2024-05-19 13:06:10,513.0,1.0
2024-05-19 13:06:05,513.0,1.0
2024-05-19 13:06:00,513.0,0.0
2024-05-19 13:05:55,513.0,4.0
2024-05-19 13:05:50,513.0,1.0
2024-05-19 13:05:45,513.0,1.0
2024-05-19 13:05:40,513.0,0.0
2024-05-19 13:05:35,513.0,1.0
2024-05-19 13:05:30,513.0,6.0
2024-05-19 13:05:25,513.0,1.0
2024-05-19 13:05:20,513.0,3.0
2024-05-19 13:05:15,513.0,1.0
2024-05-19 13:05:10,513.0,2.0
2024-05-19 13:05:05,513.0,1.0
2024-05-19 13:05:00,513.0,1.0
2024-05-19 13:04:55,513.0,0.0
2024-05-19 13:04:50,513.0,8.0
2024-05-19 13:04:45,513.0,2.0
2024-05-19 13:04:40,513.0,1.0
2024-05-19 13:04:35,513.0,0.0
2024-05-19 13:04:30,513.0,1.0
2024-05-19 13:04:25,512.0,2.0
2024-05-19 13:04:20,513.0,0.0
2024-05-19 13:04:15,513.0,1.0
2024-05-19 13:04:10,513.0,1.0
2024-05-19 13:04:05,513.0,1.0
2024-05-19 13:04:00,513.0,4.0
2024-05-19 13:03:55,513.0,1.0
2024-05-19 13:03:50,513.0,1.0
2024-05-19 13:03:45,513.0,2.0
2024-05-19 13:03:40,513.0,1.0
2024-05-19 13:03:35,513.0,1.0
2024-05-19 13:03:30,513.0,10.0
2024-05-19 13:03:25,513.0,4.0
2024-05-19 13:03:20,512.0,0.0
2024-05-19 13:03:15,512.0,135.0
2024-05-19 13:03:10,511.0,1.0
2024-05-19 13:03:05,511.0,0.0
2024-05-19 13:03:00,511.0,6.0
2024-05-19 13:02:55,511.0,1.0
2024-05-19 13:02:50,511.0,2.0
2024-05-19 13:02:45,511.0,0.0
2024-05-19 13:02:40,511.0,26.0
2024-05-19 13:02:35,511.0,6.0
2024-05-19 13:02:30,511.0,0.0
2024-05-19 13:02:25,511.0,3.0
2024-05-19 13:02:20,511.0,43.0
2024-05-19 13:02:15,511.0,1.0
2024-05-19 13:02:10,510.0,2.0
2024-05-19 13:02:05,511.0,1.0
2024-05-19 13:02:00,511.0,1.0
2024-05-19 13:01:55,511.0,0.0
2024-05-19 13:01:50,511.0,2.0
2024-05-19 13:01:45,511.0,1.0
2024-05-19 13:01:40,511.0,2.0
2024-05-19 13:01:35,511.0,2.0
2024-05-19 13:01:30,511.0,1.0
2024-05-19 13:01:25,511.0,4.0
2024-05-19 13:01:20,511.0,1.0
2024-05-19 13:01:15,511.0,1.0
2024-05-19 13:01:10,511.0,1.0
2024-05-19 13:01:05,511.0,0.0
2024-05-19 13:01:00,511.0,1.0
2024-05-19 13:00:55,511.0,1.0
2024-05-19 13:00:50,511.0,1.0
2024-05-19 13:00:45,511.0,3.0
2024-05-19 13:00:40,511.0,1.0
2024-05-19 13:00:35,511.0,0.0
2024-05-19 13:00:30,511.0,1.0
2024-05-19 13:00:25,511.0,1.0
2024-05-19 13:00:20,511.0,0.0
2024-05-19 13:00:15,511.0,1.0
2024-05-19 13:00:10,511.0,1.0
2024-05-19 13:00:05,511.0,2.0
2024-05-19 13:00:00,511.0,0.0
2024-05-19 12:59:55,511.0,1.0
2024-05-19 12:59:50,511.0,1.0
2024-05-19 12:59:45,511.0,0.0
2024-05-19 12:59:40,511.0,1.0
2024-05-19 12:59:35,511.0,1.0
2024-05-19 12:59:30,511.0,0.0
2024-05-19 12:59:25,511.0,1.0
2024-05-19 12:59:20,511.0,1.0
2024-05-19 12:59:15,511.0,1.0
2024-05-19 12:59:10,511.0,4.0
2024-05-19 12:59:05,511.0,1.0
2024-05-19 12:59:00,511.0,0.0
2024-05-19 12:58:55,511.0,1.0
2024-05-19 12:58:50,511.0,1.0
2024-05-19 12:58:45,511.0,1.0
2024-05-19 12:58:40,511.0,1.0
2024-05-19 12:58:35,511.0,2.0
2024-05-19 12:58:30,511.0,4.0
2024-05-19 12:58:25,511.0,0.0
2024-05-19 12:58:20,511.0,1.0
2024-05-19 12:58:15,511.0,1.0
2024-05-19 12:58:10,510.0,0.0
2024-05-19 12:58:05,510.0,5.0
2024-05-19 12:58:00,510.0,1.0
2024-05-19 12:57:55,510.0,1.0
2024-05-19 12:57:50,510.0,0.0
2024-05-19 12:57:45,510.0,2.0
2024-05-19 12:57:40,510.0,1.0
2024-05-19 12:57:35,510.0,1.0
2024-05-19 12:57:30,510.0,1.0
2024-05-19 12:57:25,510.0,2.0
2024-05-19 12:57:20,510.0,0.0
2024-05-19 12:57:15,510.0,1.0
2024-05-19 12:57:10,510.0,2.0
2024-05-19 12:57:05,510.0,0.0
2024-05-19 12:57:00,510.0,1.0
2024-05-19 12:56:55,510.0,1.0
2024-05-19 12:56:50,510.0,1.0
2024-05-19 12:56:45,510.0,5.0
2024-05-19 12:56:40,510.0,10.0
2024-05-19 12:56:35,510.0,2.0
2024-05-19 12:56:30,510.0,0.0
2024-05-19 12:56:25,510.0,1.0
2024-05-19 12:56:20,510.0,1.0
2024-05-19 12:56:15,510.0,0.0
2024-05-19 12:56:10,510.0,1.0
2024-05-19 12:56:05,510.0,1.0
2024-05-19 12:56:00,511.0,0.0
2024-05-19 12:55:55,511.0,1.0
2024-05-19 12:55:50,511.0,1.0
2024-05-19 12:55:45,511.0,0.0
2024-05-19 12:55:40,511.0,1.0
2024-05-19 12:55:35,511.0,1.0
2024-05-19 12:55:30,510.0,11.0
2024-05-19 12:55:25,511.0,0.0
2024-05-19 12:55:20,511.0,2.0
2024-05-19 12:55:15,511.0,1.0
2024-05-19 12:55:10,511.0,0.0
2024-05-19 12:55:05,511.0,1.0
2024-05-19 12:55:00,511.0,1.0
2024-05-19 12:54:55,511.0,0.0
2024-05-19 12:54:50,511.0,1.0
2024-05-19 12:54:45,511.0,1.0
2024-05-19 12:54:40,511.0,1.0
2024-05-19 12:54:35,511.0,0.0
2024-05-19 12:54:30,511.0,1.0
2024-05-19 12:54:25,511.0,0.0
2024-05-19 12:54:20,511.0,1.0
2024-05-19 12:54:15,511.0,1.0
2024-05-19 12:54:10,510.0,2.0
2024-05-19 12:54:05,511.0,1.0
2024-05-19 12:54:00,510.0,2.0
2024-05-19 12:53:55,511.0,1.0
2024-05-19 12:53:50,511.0,0.0
2024-05-19 12:53:45,511.0,1.0
2024-05-19 12:53:40,511.0,1.0
2024-05-19 12:53:35,511.0,0.0
2024-05-19 12:53:30,511.0,1.0
2024-05-19 12:53:25,511.0,1.0
2024-05-19 12:53:20,510.0,2.0
2024-05-19 12:53:15,511.0,0.0
2024-05-19 12:53:10,511.0,3.0
2024-05-19 12:53:05,510.0,2.0
2024-05-19 12:53:00,511.0,1.0
2024-05-19 12:52:55,511.0,1.0
2024-05-19 12:52:50,511.0,1.0
2024-05-19 12:52:45,511.0,0.0
2024-05-19 12:52:40,511.0,1.0
2024-05-19 12:52:35,511.0,1.0
2024-05-19 12:52:30,511.0,0.0
2024-05-19 12:52:25,511.0,1.0
2024-05-19 12:52:20,511.0,1.0
2024-05-19 12:52:15,511.0,1.0
2024-05-19 12:52:10,511.0,1.0
2024-05-19 12:52:05,511.0,1.0
2024-05-19 12:52:00,511.0,1.0
2024-05-19 12:51:55,511.0,0.0
2024-05-19 12:51:50,511.0,1.0
2024-05-19 12:51:45,511.0,1.0
2024-05-19 12:51:40,511.0,0.0
2024-05-19 12:51:35,511.0,1.0
2024-05-19 12:51:30,511.0,1.0
2024-05-19 12:51:25,511.0,0.0
2024-05-19 12:51:20,511.0,1.0
2024-05-19 12:51:15,511.0,1.0
2024-05-19 12:51:10,509.0,1.0
2024-05-19 12:51:05,511.0,2.0
2024-05-19 12:51:00,510.0,1.0
2024-05-19 12:50:55,510.0,17.0
2024-05-19 12:50:50,510.0,1.0
2024-05-19 12:50:45,510.0,2.0
2024-05-19 12:50:40,510.0,1.0
2024-05-19 12:50:35,510.0,0.0
2024-05-19 12:50:30,510.0,1.0
2024-05-19 12:50:25,510.0,1.0
2024-05-19 12:50:20,510.0,0.0
2024-05-19 12:50:15,510.0,1.0
2024-05-19 12:50:10,510.0,3.0
2024-05-19 12:50:05,510.0,1.0
2024-05-19 12:50:00,510.0,0.0
2024-05-19 12:49:55,510.0,2.0
2024-05-19 12:49:50,510.0,0.0
2024-05-19 12:49:45,510.0,1.0
2024-05-19 12:49:40,510.0,1.0
2024-05-19 12:49:35,510.0,1.0
2024-05-19 12:49:30,510.0,0.0
2024-05-19 12:49:25,510.0,1.0
2024-05-19 12:49:20,510.0,1.0
2024-05-19 12:49:15,510.0,0.0
2024-05-19 12:49:10,510.0,1.0
2024-05-19 12:49:05,510.0,1.0
2024-05-19 12:49:00,510.0,0.0
2024-05-19 12:48:55,510.0,1.0
2024-05-19 12:48:50,509.0,2.0
2024-05-19 12:48:45,510.0,1.0
2024-05-19 12:48:40,510.0,0.0
2024-05-19 12:48:35,510.0,1.0
2024-05-19 12:48:30,510.0,1.0
2024-05-19 12:48:25,510.0,0.0
2024-05-19 12:48:20,510.0,1.0
2024-05-19 12:48:15,510.0,1.0
2024-05-19 12:48:10,510.0,0.0
2024-05-19 12:48:05,510.0,1.0
2024-05-19 12:48:00,510.0,1.0
2024-05-19 12:47:55,510.0,0.0
2024-05-19 12:47:50,510.0,1.0
2024-05-19 12:47:45,510.0,1.0
2024-05-19 12:47:40,510.0,1.0
2024-05-19 12:47:35,510.0,0.0
2024-05-19 12:47:30,510.0,1.0
2024-05-19 12:47:25,510.0,2.0
2024-05-19 12:47:20,510.0,0.0
2024-05-19 12:47:15,510.0,1.0
2024-05-19 12:47:10,510.0,1.0
2024-05-19 12:47:05,510.0,0.0
2024-05-19 12:47:00,510.0,1.0
2024-05-19 12:46:55,510.0,1.0
2024-05-19 12:46:50,510.0,4.0
2024-05-19 12:46:45,510.0,34.0
2024-05-19 12:46:40,511.0,1.0
2024-05-19 12:46:35,511.0,0.0
2024-05-19 12:46:30,511.0,1.0
2024-05-19 12:46:25,511.0,1.0
2024-05-19 12:46:20,511.0,1.0
2024-05-19 12:46:15,511.0,0.0
2024-05-19 12:46:10,511.0,1.0
2024-05-19 12:46:05,511.0,1.0
2024-05-19 12:46:00,510.0,0.0
2024-05-19 12:45:55,510.0,5.0
2024-05-19 12:45:50,511.0,1.0
2024-05-19 12:45:45,511.0,0.0
2024-05-19 12:45:40,511.0,1.0
2024-05-19 12:45:35,511.0,1.0
2024-05-19 12:45:30,511.0,1.0
2024-05-19 12:45:25,511.0,0.0
2024-05-19 12:45:20,511.0,2.0
2024-05-19 12:45:15,511.0,1.0
2024-05-19 12:45:10,511.0,0.0
2024-05-19 12:45:05,511.0,1.0
2024-05-19 12:45:00,511.0,1.0
2024-05-19 12:44:55,511.0,0.0
2024-05-19 12:44:50,511.0,1.0
2024-05-19 12:44:45,511.0,1.0
2024-05-19 12:44:40,511.0,0.0
2024-05-19 12:44:35,511.0,1.0
2024-05-19 12:44:30,511.0,1.0
2024-05-19 12:44:25,511.0,1.0
2024-05-19 12:44:20,511.0,1.0
2024-05-19 12:44:15,511.0,1.0
2024-05-19 12:44:10,510.0,4.0
2024-05-19 12:44:05,511.0,1.0
2024-05-19 12:44:00,511.0,1.0
2024-05-19 12:43:55,511.0,1.0
2024-05-19 12:43:50,511.0,1.0
2024-05-19 12:43:45,511.0,1.0
2024-05-19 12:43:40,510.0,2.0
2024-05-19 12:43:35,511.0,0.0
2024-05-19 12:43:30,511.0,1.0
2024-05-19 12:43:25,511.0,1.0
2024-05-19 12:43:20,511.0,0.0
2024-05-19 12:43:15,511.0,1.0
2024-05-19 12:43:10,511.0,1.0
2024-05-19 12:43:05,511.0,15.0
2024-05-19 12:43:00,511.0,0.0
2024-05-19 12:42:55,511.0,0.0
2024-05-19 12:42:50,511.0,0.0
2024-05-19 12:42:45,511.0,0.0
2024-05-19 12:42:40,511.0,0.0
2024-05-19 12:42:35,511.0,0.0
2024-05-19 12:42:30,511.0,1.0
2024-05-19 12:42:25,511.0,1.0
2024-05-19 12:42:20,511.0,3.0
2024-05-19 12:42:15,511.0,1.0
2024-05-19 12:42:10,511.0,0.0
2024-05-19 12:42:05,511.0,1.0
2024-05-19 12:42:00,511.0,0.0
2024-05-19 12:41:55,511.0,1.0
2024-05-19 12:41:50,511.0,1.0
2024-05-19 12:41:45,511.0,2.0
2024-05-19 12:41:40,511.0,0.0
2024-05-19 12:41:35,511.0,1.0
2024-05-19 12:41:30,511.0,1.0
2024-05-19 12:41:25,512.0,8.0
2024-05-19 12:41:20,511.0,1.0
2024-05-19 12:41:15,511.0,3.0
2024-05-19 12:41:10,512.0,5.0
2024-05-19 12:41:05,511.0,6.0
2024-05-19 12:41:00,511.0,1.0
2024-05-19 12:40:55,511.0,1.0
2024-05-19 12:40:50,512.0,1.0
2024-05-19 12:40:45,512.0,3.0
2024-05-19 12:40:40,512.0,1.0
2024-05-19 12:40:35,512.0,0.0
2024-05-19 12:40:30,512.0,1.0
2024-05-19 12:40:25,511.0,1.0
2024-05-19 12:40:20,511.0,0.0
2024-05-19 12:40:15,511.0,1.0
2024-05-19 12:40:10,511.0,1.0
2024-05-19 12:40:05,511.0,3.0
2024-05-19 12:40:00,512.0,1.0
2024-05-19 12:39:55,512.0,1.0
2024-05-19 12:39:50,511.0,4.0
2024-05-19 12:39:45,511.0,0.0
2024-05-19 12:39:40,511.0,1.0
2024-05-19 12:39:35,511.0,1.0
2024-05-19 12:39:30,511.0,0.0
2024-05-19 12:39:25,511.0,1.0
2024-05-19 12:39:20,511.0,1.0
2024-05-19 12:39:15,511.0,0.0
2024-05-19 12:39:10,511.0,1.0
2024-05-19 12:39:05,511.0,1.0
2024-05-19 12:39:00,511.0,0.0
2024-05-19 12:38:55,511.0,1.0
2024-05-19 12:38:50,511.0,1.0
2024-05-19 12:38:45,511.0,0.0
2024-05-19 12:38:40,511.0,1.0
2024-05-19 12:38:35,511.0,2.0
2024-05-19 12:38:30,510.0,2.0
2024-05-19 12:38:25,511.0,0.0
2024-05-19 12:38:20,511.0,1.0
2024-05-19 12:38:15,511.0,1.0
2024-05-19 12:38:10,511.0,0.0
2024-05-19 12:38:05,511.0,1.0
2024-05-19 12:38:00,511.0,1.0
2024-05-19 12:37:55,511.0,0.0
2024-05-19 12:37:50,511.0,1.0
2024-05-19 12:37:45,511.0,1.0
2024-05-19 12:37:40,511.0,0.0
2024-05-19 12:37:35,511.0,1.0
2024-05-19 12:37:30,511.0,1.0
2024-05-19 12:37:25,511.0,2.0
2024-05-19 12:37:20,511.0,0.0
2024-05-19 12:37:15,511.0,1.0
2024-05-19 12:37:10,511.0,1.0
2024-05-19 12:37:05,511.0,0.0
2024-05-19 12:37:00,511.0,1.0
2024-05-19 12:36:55,511.0,1.0
2024-05-19 12:36:50,511.0,0.0
2024-05-19 12:36:45,511.0,1.0
2024-05-19 12:36:40,511.0,1.0
2024-05-19 12:36:35,511.0,1.0
2024-05-19 12:36:30,511.0,0.0
2024-05-19 12:36:25,511.0,1.0
2024-05-19 12:36:20,511.0,7.0
2024-05-19 12:36:15,512.0,0.0
2024-05-19 12:36:10,512.0,1.0
2024-05-19 12:36:05,512.0,1.0
2024-05-19 12:36:00,512.0,0.0
2024-05-19 12:35:55,512.0,2.0
2024-05-19 12:35:50,512.0,1.0
2024-05-19 12:35:45,511.0,0.0
2024-05-19 12:35:40,511.0,1.0
2024-05-19 12:35:35,511.0,3.0
2024-05-19 12:35:30,512.0,1.0
2024-05-19 12:35:25,512.0,0.0
2024-05-19 12:35:20,512.0,1.0
2024-05-19 12:35:15,512.0,2.0
2024-05-19 12:35:10,512.0,8.0
2024-05-19 12:35:05,511.0,1.0
2024-05-19 12:35:00,511.0,1.0
2024-05-19 12:34:55,511.0,1.0
2024-05-19 12:34:50,511.0,0.0
2024-05-19 12:34:45,511.0,1.0
2024-05-19 12:34:40,511.0,1.0
2024-05-19 12:34:35,511.0,0.0
2024-05-19 12:34:30,511.0,1.0
2024-05-19 12:34:25,511.0,1.0
2024-05-19 12:34:20,511.0,0.0
2024-05-19 12:34:15,511.0,1.0
2024-05-19 12:34:10,511.0,2.0
2024-05-19 12:34:05,511.0,1.0
2024-05-19 12:34:00,511.0,2.0
2024-05-19 12:33:55,511.0,1.0
2024-05-19 12:33:50,511.0,3.0
2024-05-19 12:33:45,511.0,0.0
2024-05-19 12:33:40,511.0,1.0
2024-05-19 12:33:35,511.0,1.0
2024-05-19 12:33:30,511.0,0.0
2024-05-19 12:33:25,511.0,3.0
2024-05-19 12:33:20,510.0,2.0
2024-05-19 12:33:15,511.0,1.0
2024-05-19 12:33:10,511.0,0.0
2024-05-19 12:33:05,511.0,1.0
2024-05-19 12:33:00,511.0,1.0
2024-05-19 12:32:55,511.0,0.0
2024-05-19 12:32:50,511.0,1.0
2024-05-19 12:32:45,511.0,1.0
2024-05-19 12:32:40,511.0,1.0
2024-05-19 12:32:35,511.0,1.0
2024-05-19 12:32:30,511.0,1.0
2024-05-19 12:32:25,511.0,0.0
2024-05-19 12:32:20,511.0,1.0
2024-05-19 12:32:15,511.0,1.0
2024-05-19 12:32:10,511.0,1.0
2024-05-19 12:32:05,511.0,0.0
2024-05-19 12:32:00,511.0,1.0
2024-05-19 12:31:55,511.0,3.0
2024-05-19 12:31:50,511.0,1.0
2024-05-19 12:31:45,511.0,1.0
2024-05-19 12:31:40,511.0,1.0
2024-05-19 12:31:35,511.0,0.0
2024-05-19 12:31:30,511.0,1.0
2024-05-19 12:31:25,511.0,1.0
2024-05-19 12:31:20,511.0,1.0
2024-05-19 12:31:15,511.0,0.0
2024-05-19 12:31:10,511.0,2.0
2024-05-19 12:31:05,511.0,1.0
2024-05-19 12:31:00,510.0,1.0
2024-05-19 12:30:55,511.0,1.0
2024-05-19 12:30:50,511.0,1.0
2024-05-19 12:30:45,511.0,2.0
2024-05-19 12:30:40,511.0,0.0
2024-05-19 12:30:35,511.0,1.0
2024-05-19 12:30:30,511.0,1.0
2024-05-19 12:30:25,511.0,0.0
2024-05-19 12:30:20,511.0,2.0
2024-05-19 12:30:15,511.0,2.0
2024-05-19 12:30:10,511.0,1.0
2024-05-19 12:30:05,511.0,0.0
2024-05-19 12:30:00,511.0,1.0
2024-05-19 12:29:55,510.0,7.0
2024-05-19 12:29:50,510.0,6.0
2024-05-19 12:29:45,511.0,1.0
2024-05-19 12:29:40,512.0,1.0
2024-05-19 12:29:35,512.0,1.0
2024-05-19 12:29:30,512.0,1.0
2024-05-19 12:29:25,512.0,1.0
2024-05-19 12:29:20,512.0,1.0
2024-05-19 12:29:15,512.0,0.0
2024-05-19 12:29:10,512.0,1.0
2024-05-19 12:29:05,512.0,1.0
2024-05-19 12:29:00,512.0,0.0
2024-05-19 12:28:55,512.0,1.0
2024-05-19 12:28:50,512.0,1.0
2024-05-19 12:28:45,512.0,1.0
2024-05-19 12:28:40,512.0,0.0
2024-05-19 12:28:35,512.0,1.0
2024-05-19 12:28:30,512.0,1.0
2024-05-19 12:28:25,511.0,0.0
2024-05-19 12:28:20,511.0,2.0
2024-05-19 12:28:15,511.0,3.0
2024-05-19 12:28:10,510.0,1.0
2024-05-19 12:28:05,511.0,1.0
2024-05-19 12:28:00,512.0,1.0
2024-05-19 12:27:55,512.0,1.0
2024-05-19 12:27:50,512.0,0.0
2024-05-19 12:27:45,512.0,1.0
2024-05-19 12:27:40,512.0,1.0
2024-05-19 12:27:35,512.0,0.0
2024-05-19 12:27:30,512.0,3.0
2024-05-19 12:27:25,512.0,1.0
2024-05-19 12:27:20,512.0,2.0
2024-05-19 12:27:15,511.0,1.0
2024-05-19 12:27:10,512.0,2.0
2024-05-19 12:27:05,512.0,1.0
2024-05-19 12:27:00,512.0,0.0
2024-05-19 12:26:55,512.0,1.0
2024-05-19 12:26:50,512.0,1.0
2024-05-19 12:26:45,511.0,0.0
2024-05-19 12:26:40,511.0,1.0
2024-05-19 12:26:35,511.0,1.0
2024-05-19 12:26:30,511.0,1.0
2024-05-19 12:26:25,511.0,0.0
2024-05-19 12:26:20,511.0,6.0
2024-05-19 12:26:15,511.0,1.0
2024-05-19 12:26:10,511.0,0.0
2024-05-19 12:26:05,511.0,2.0
2024-05-19 12:26:00,511.0,1.0
2024-05-19 12:25:55,512.0,1.0
2024-05-19 12:25:50,512.0,1.0
2024-05-19 12:25:45,512.0,1.0
2024-05-19 12:25:40,512.0,1.0
2024-05-19 12:25:35,511.0,18.0
2024-05-19 12:25:30,512.0,1.0
2024-05-19 12:25:25,512.0,1.0
2024-05-19 12:25:20,512.0,0.0
2024-05-19 12:25:15,512.0,1.0
2024-05-19 12:25:10,512.0,1.0
2024-05-19 12:25:05,512.0,2.0
2024-05-19 12:25:00,512.0,1.0
2024-05-19 12:24:55,512.0,1.0
2024-05-19 12:24:50,512.0,2.0
2024-05-19 12:24:45,512.0,1.0
2024-05-19 12:24:40,512.0,0.0
2024-05-19 12:24:35,512.0,1.0
2024-05-19 12:24:30,512.0,1.0
2024-05-19 12:24:25,512.0,0.0
2024-05-19 12:24:20,512.0,1.0
2024-05-19 12:24:15,512.0,1.0
2024-05-19 12:24:10,512.0,2.0
2024-05-19 12:24:05,511.0,1.0
2024-05-19 12:24:00,512.0,1.0
2024-05-19 12:23:55,512.0,1.0
2024-05-19 12:23:50,512.0,0.0
2024-05-19 12:23:45,512.0,1.0
2024-05-19 12:23:40,512.0,1.0
2024-05-19 12:23:35,512.0,0.0
2024-05-19 12:23:30,512.0,2.0
2024-05-19 12:23:25,512.0,1.0
2024-05-19 12:23:20,512.0,1.0
2024-05-19 12:23:15,512.0,0.0
2024-05-19 12:23:10,512.0,1.0
2024-05-19 12:23:05,512.0,1.0
2024-05-19 12:23:00,511.0,1.0
2024-05-19 12:22:55,512.0,1.0
2024-05-19 12:22:50,512.0,2.0
2024-05-19 12:22:45,512.0,1.0
2024-05-19 12:22:40,512.0,0.0
2024-05-19 12:22:35,512.0,1.0
2024-05-19 12:22:30,512.0,1.0
2024-05-19 12:22:25,512.0,1.0
2024-05-19 12:22:20,512.0,1.0
2024-05-19 12:22:15,512.0,1.0
2024-05-19 12:22:10,512.0,0.0
2024-05-19 12:22:05,512.0,1.0
2024-05-19 12:22:00,512.0,1.0
2024-05-19 12:21:55,512.0,1.0
2024-05-19 12:21:50,512.0,0.0
2024-05-19 12:21:45,512.0,1.0
2024-05-19 12:21:40,512.0,1.0
2024-05-19 12:21:35,512.0,1.0
2024-05-19 12:21:30,512.0,2.0
2024-05-19 12:21:25,512.0,1.0
2024-05-19 12:21:20,512.0,1.0
2024-05-19 12:21:15,512.0,2.0
2024-05-19 12:21:10,512.0,1.0
2024-05-19 12:21:05,512.0,1.0
2024-05-19 12:21:00,512.0,0.0
2024-05-19 12:20:55,512.0,3.0
2024-05-19 12:20:50,512.0,2.0
2024-05-19 12:20:45,512.0,0.0
2024-05-19 12:20:40,512.0,1.0
2024-05-19 12:20:35,512.0,2.0
2024-05-19 12:20:30,512.0,1.0
2024-05-19 12:20:25,512.0,0.0
2024-05-19 12:20:20,512.0,1.0
2024-05-19 12:20:15,512.0,3.0
2024-05-19 12:20:10,512.0,0.0
2024-05-19 12:20:05,512.0,2.0
2024-05-19 12:20:00,512.0,2.0
2024-05-19 12:19:55,512.0,1.0
2024-05-19 12:19:50,512.0,1.0
2024-05-19 12:19:45,512.0,1.0
2024-05-19 12:19:40,512.0,4.0
2024-05-19 12:19:35,512.0,0.0
2024-05-19 12:19:30,512.0,1.0
2024-05-19 12:19:25,512.0,1.0
2024-05-19 12:19:20,512.0,1.0
2024-05-19 12:19:15,512.0,0.0
2024-05-19 12:19:10,512.0,10.0
2024-05-19 12:19:05,511.0,2.0
2024-05-19 12:19:00,512.0,0.0
2024-05-19 12:18:55,512.0,1.0
2024-05-19 12:18:50,512.0,1.0
2024-05-19 12:18:45,512.0,0.0
2024-05-19 12:18:40,512.0,1.0
2024-05-19 12:18:35,511.0,2.0
2024-05-19 12:18:30,511.0,2.0
2024-05-19 12:18:25,511.0,1.0
2024-05-19 12:18:20,512.0,2.0
2024-05-19 12:18:15,512.0,1.0
2024-05-19 12:18:10,512.0,0.0
2024-05-19 12:18:05,512.0,3.0
2024-05-19 12:18:00,511.0,12.0
2024-05-19 12:17:55,511.0,1.0
2024-05-19 12:17:50,510.0,2.0
2024-05-19 12:17:45,511.0,2.0
2024-05-19 12:17:40,511.0,1.0
2024-05-19 12:17:35,511.0,0.0
2024-05-19 12:17:30,511.0,2.0
2024-05-19 12:17:25,511.0,1.0
2024-05-19 12:17:20,511.0,0.0
2024-05-19 12:17:15,511.0,2.0
2024-05-19 12:17:10,511.0,1.0
2024-05-19 12:17:05,511.0,1.0
2024-05-19 12:17:00,511.0,0.0
2024-05-19 12:16:55,511.0,1.0
2024-05-19 12:16:50,511.0,1.0
2024-05-19 12:16:45,511.0,2.0
2024-05-19 12:16:40,512.0,2.0
2024-05-19 12:16:35,512.0,1.0
2024-05-19 12:16:30,512.0,1.0
2024-05-19 12:16:25,512.0,0.0
2024-05-19 12:16:20,512.0,2.0
2024-05-19 12:16:15,512.0,1.0
2024-05-19 12:16:10,512.0,1.0
2024-05-19 12:16:05,511.0,2.0
2024-05-19 12:16:00,511.0,1.0
2024-05-19 12:15:55,511.0,1.0
2024-05-19 12:15:50,511.0,0.0
2024-05-19 12:15:45,511.0,1.0
2024-05-19 12:15:40,511.0,3.0
2024-05-19 12:15:35,511.0,0.0
2024-05-19 12:15:30,511.0,3.0
2024-05-19 12:15:25,511.0,8.0
2024-05-19 12:15:20,512.0,1.0
2024-05-19 12:15:15,512.0,0.0
2024-05-19 12:15:10,512.0,7.0
2024-05-19 12:15:05,511.0,2.0
2024-05-19 12:15:00,511.0,0.0
2024-05-19 12:14:55,511.0,2.0
2024-05-19 12:14:50,511.0,1.0
2024-05-19 12:14:45,511.0,3.0
2024-05-19 12:14:40,511.0,0.0
2024-05-19 12:14:35,511.0,1.0
2024-05-19 12:14:30,511.0,1.0
2024-05-19 12:14:25,511.0,0.0
2024-05-19 12:14:20,511.0,2.0
2024-05-19 12:14:15,511.0,1.0
2024-05-19 12:14:10,511.0,3.0
2024-05-19 12:14:05,511.0,3.0
2024-05-19 12:14:00,511.0,1.0
2024-05-19 12:13:55,511.0,1.0
2024-05-19 12:13:50,511.0,1.0
2024-05-19 12:13:45,511.0,1.0
2024-05-19 12:13:40,511.0,4.0
2024-05-19 12:13:35,511.0,1.0
2024-05-19 12:13:30,511.0,0.0
2024-05-19 12:13:25,511.0,2.0
2024-05-19 12:13:20,511.0,2.0
2024-05-19 12:13:15,511.0,0.0
2024-05-19 12:13:10,511.0,1.0
2024-05-19 12:13:05,511.0,1.0
2024-05-19 12:13:00,511.0,2.0
2024-05-19 12:12:55,511.0,0.0
2024-05-19 12:12:50,511.0,1.0
2024-05-19 12:12:45,511.0,1.0
2024-05-19 12:12:40,510.0,10.0
2024-05-19 12:12:35,511.0,3.0
2024-05-19 12:12:30,511.0,1.0
2024-05-19 12:12:25,511.0,1.0
2024-05-19 12:12:20,511.0,1.0
2024-05-19 12:12:15,510.0,1.0
2024-05-19 12:12:10,510.0,1.0
2024-05-19 12:12:05,510.0,0.0
2024-05-19 12:12:00,510.0,1.0
2024-05-19 12:11:55,510.0,3.0
2024-05-19 12:11:50,510.0,1.0
2024-05-19 12:11:45,510.0,0.0
2024-05-19 12:11:40,510.0,2.0
2024-05-19 12:11:35,510.0,1.0
2024-05-19 12:11:30,510.0,0.0
2024-05-19 12:11:25,510.0,1.0
2024-05-19 12:11:20,510.0,1.0
2024-05-19 12:11:15,510.0,14.0
2024-05-19 12:11:10,510.0,0.0
2024-05-19 12:11:05,510.0,2.0
2024-05-19 12:11:00,510.0,1.0
2024-05-19 12:10:55,510.0,0.0
2024-05-19 12:10:50,510.0,2.0
2024-05-19 12:10:45,510.0,1.0
2024-05-19 12:10:40,510.0,1.0
2024-05-19 12:10:35,510.0,0.0
2024-05-19 12:10:30,510.0,1.0
2024-05-19 12:10:25,510.0,2.0
2024-05-19 12:10:20,510.0,1.0
2024-05-19 12:10:15,510.0,1.0
2024-05-19 12:10:10,510.0,1.0
2024-05-19 12:10:05,510.0,2.0
2024-05-19 12:10:00,510.0,0.0
2024-05-19 12:09:55,510.0,3.0
2024-05-19 12:09:50,510.0,3.0
2024-05-19 12:09:45,510.0,0.0
2024-05-19 12:09:40,510.0,1.0
2024-05-19 12:09:35,510.0,5.0
2024-05-19 12:09:30,510.0,1.0
2024-05-19 12:09:25,510.0,0.0
2024-05-19 12:09:20,510.0,2.0
2024-05-19 12:09:15,510.0,2.0
2024-05-19 12:09:10,510.0,0.0
2024-05-19 12:09:05,510.0,2.0
2024-05-19 12:09:00,510.0,2.0
2024-05-19 12:08:55,510.0,1.0
2024-05-19 12:08:50,510.0,3.0
2024-05-19 12:08:45,510.0,1.0
2024-05-19 12:08:40,510.0,1.0
2024-05-19 12:08:35,510.0,1.0
2024-05-19 12:08:30,510.0,0.0
2024-05-19 12:08:25,510.0,1.0
2024-05-19 12:08:20,509.0,2.0
2024-05-19 12:08:15,510.0,0.0
2024-05-19 12:08:10,510.0,1.0
2024-05-19 12:08:05,510.0,1.0
2024-05-19 12:08:00,510.0,0.0
2024-05-19 12:07:55,510.0,1.0
2024-05-19 12:07:50,509.0,2.0
2024-05-19 12:07:45,510.0,1.0
2024-05-19 12:07:40,509.0,0.0
2024-05-19 12:07:35,509.0,2.0
2024-05-19 12:07:30,509.0,3.0
2024-05-19 12:07:25,510.0,1.0
2024-05-19 12:07:20,509.0,1.0
2024-05-19 12:07:15,510.0,1.0
2024-05-19 12:07:10,510.0,1.0
2024-05-19 12:07:05,510.0,0.0
2024-05-19 12:07:00,510.0,2.0
2024-05-19 12:06:55,510.0,1.0
2024-05-19 12:06:50,509.0,1.0
2024-05-19 12:06:45,510.0,1.0
2024-05-19 12:06:40,510.0,2.0
2024-05-19 12:06:35,509.0,2.0
2024-05-19 12:06:30,510.0,0.0
2024-05-19 12:06:25,510.0,1.0
2024-05-19 12:06:20,510.0,1.0
2024-05-19 12:06:15,510.0,0.0
2024-05-19 12:06:10,510.0,1.0
2024-05-19 12:06:05,509.0,2.0
2024-05-19 12:06:00,510.0,1.0
2024-05-19 12:05:55,510.0,0.0
2024-05-19 12:05:50,510.0,1.0
2024-05-19 12:05:45,510.0,1.0
2024-05-19 12:05:40,510.0,1.0
2024-05-19 12:05:35,509.0,1.0
2024-05-19 12:05:30,510.0,1.0
2024-05-19 12:05:25,510.0,1.0
2024-05-19 12:05:20,510.0,0.0
2024-05-19 12:05:15,510.0,1.0
2024-05-19 12:05:10,510.0,1.0
2024-05-19 12:05:05,510.0,0.0
2024-05-19 12:05:00,510.0,1.0
2024-05-19 12:04:55,510.0,1.0
2024-05-19 12:04:50,510.0,1.0
2024-05-19 12:04:45,510.0,1.0
2024-05-19 12:04:40,510.0,1.0
2024-05-19 12:04:35,510.0,1.0
2024-05-19 12:04:30,510.0,1.0
2024-05-19 12:04:25,510.0,0.0
2024-05-19 12:04:20,510.0,2.0
2024-05-19 12:04:15,510.0,1.0
2024-05-19 12:04:10,510.0,1.0
2024-05-19 12:04:05,510.0,2.0
2024-05-19 12:04:00,509.0,4.0
2024-05-19 12:03:55,509.0,1.0
2024-05-19 12:03:50,509.0,0.0
2024-05-19 12:03:45,509.0,1.0
2024-05-19 12:03:40,509.0,1.0
2024-05-19 12:03:35,509.0,0.0
2024-05-19 12:03:30,509.0,1.0
2024-05-19 12:03:25,509.0,1.0
2024-05-19 12:03:20,509.0,1.0
2024-05-19 12:03:15,509.0,0.0
2024-05-19 12:03:10,509.0,1.0
2024-05-19 12:03:05,509.0,1.0
2024-05-19 12:03:00,509.0,0.0
2024-05-19 12:02:55,509.0,1.0
2024-05-19 12:02:50,509.0,1.0
2024-05-19 12:02:45,509.0,1.0
2024-05-19 12:02:40,509.0,0.0
2024-05-19 12:02:35,509.0,2.0
2024-05-19 12:02:30,509.0,1.0
2024-05-19 12:02:25,509.0,0.0
2024-05-19 12:02:20,509.0,2.0
2024-05-19 12:02:15,509.0,2.0
2024-05-19 12:02:10,509.0,0.0
2024-05-19 12:02:05,509.0,1.0
2024-05-19 12:02:00,509.0,1.0
2024-05-19 12:01:55,509.0,1.0
2024-05-19 12:01:50,509.0,0.0
2024-05-19 12:01:45,509.0,6.0
2024-05-19 12:01:40,509.0,1.0
2024-05-19 12:01:35,509.0,1.0
2024-05-19 12:01:30,509.0,0.0
2024-05-19 12:01:25,509.0,1.0
2024-05-19 12:01:20,509.0,1.0
2024-05-19 12:01:15,509.0,0.0
2024-05-19 12:01:10,509.0,1.0
2024-05-19 12:01:05,509.0,13.0
2024-05-19 12:01:00,510.0,1.0
2024-05-19 12:00:55,509.0,1.0
2024-05-19 12:00:50,510.0,2.0
2024-05-19 12:00:45,510.0,1.0
2024-05-19 12:00:40,510.0,0.0
2024-05-19 12:00:35,510.0,1.0
2024-05-19 12:00:30,510.0,1.0
2024-05-19 12:00:25,510.0,1.0
2024-05-19 12:00:20,510.0,1.0
2024-05-19 12:00:15,510.0,1.0
2024-05-19 12:00:10,510.0,1.0
2024-05-19 12:00:05,510.0,2.0
2024-05-19 12:00:00,510.0,4.0
2024-05-19 11:59:55,509.0,0.0
2024-05-19 11:59:50,509.0,0.0
2024-05-19 11:59:45,509.0,3.0
2024-05-19 11:59:40,510.0,0.0
2024-05-19 11:59:35,510.0,0.0
2024-05-19 11:59:30,510.0,1.0
2024-05-19 11:59:25,510.0,2.0
2024-05-19 11:59:20,510.0,1.0
2024-05-19 11:59:15,510.0,0.0
2024-05-19 11:59:10,510.0,0.0
2024-05-19 11:59:05,510.0,2.0
2024-05-19 11:59:00,510.0,0.0
2024-05-19 11:58:55,510.0,2.0
2024-05-19 11:58:50,510.0,0.0
2024-05-19 11:58:45,510.0,2.0
2024-05-19 11:58:40,510.0,0.0
2024-05-19 11:58:35,510.0,0.0
2024-05-19 11:58:30,510.0,0.0
2024-05-19 11:58:25,510.0,2.0
2024-05-19 11:58:20,510.0,0.0
2024-05-19 11:58:15,510.0,1.0
2024-05-19 11:58:10,510.0,0.0
2024-05-19 11:58:05,510.0,4.0
2024-05-19 11:58:00,510.0,0.0
2024-05-19 11:57:55,510.0,0.0
2024-05-19 11:57:50,510.0,1.0
2024-05-19 11:57:45,510.0,4.0
2024-05-19 11:57:40,510.0,0.0
2024-05-19 11:57:35,510.0,1.0
2024-05-19 11:57:30,510.0,1.0
2024-05-19 11:57:25,510.0,3.0
2024-05-19 11:57:20,509.0,0.0
2024-05-19 11:57:15,509.0,0.0
2024-05-19 11:57:10,509.0,1.0
2024-05-19 11:57:05,510.0,7.0
2024-05-19 11:57:00,509.0,0.0
2024-05-19 11:56:55,509.0,1.0
2024-05-19 11:56:50,510.0,2.0
2024-05-19 11:56:45,510.0,0.0
2024-05-19 11:56:40,510.0,0.0
2024-05-19 11:56:35,510.0,0.0
2024-05-19 11:56:30,510.0,2.0
2024-05-19 11:56:25,510.0,0.0
2024-05-19 11:56:20,510.0,1.0
2024-05-19 11:56:15,508.0,1.0
2024-05-19 11:56:10,510.0,2.0
2024-05-19 11:56:05,509.0,0.0
2024-05-19 11:56:00,509.0,0.0
2024-05-19 11:55:55,509.0,0.0
2024-05-19 11:55:50,509.0,4.0
2024-05-19 11:55:45,510.0,1.0
2024-05-19 11:55:40,509.0,2.0
2024-05-19 11:55:35,509.0,1.0
2024-05-19 11:55:30,509.0,2.0
2024-05-19 11:55:25,509.0,1.0
2024-05-19 11:55:20,509.0,1.0
2024-05-19 11:55:15,509.0,2.0
2024-05-19 11:55:10,509.0,2.0
2024-05-19 11:55:05,509.0,0.0
2024-05-19 11:55:00,509.0,0.0
2024-05-19 11:54:55,509.0,0.0
2024-05-19 11:54:50,509.0,2.0
2024-05-19 11:54:45,509.0,1.0
2024-05-19 11:54:40,510.0,4.0
2024-05-19 11:54:35,509.0,6.0
2024-05-19 11:54:30,509.0,2.0
2024-05-19 11:54:25,509.0,2.0
2024-05-19 11:54:20,509.0,0.0
2024-05-19 11:54:15,509.0,2.0
2024-05-19 11:54:10,509.0,1.0
2024-05-19 11:54:05,509.0,1.0
2024-05-19 11:54:00,509.0,0.0
2024-05-19 11:53:55,509.0,2.0
2024-05-19 11:53:50,509.0,0.0
2024-05-19 11:53:45,509.0,0.0
2024-05-19 11:53:40,509.0,0.0
2024-05-19 11:53:35,509.0,10.0
2024-05-19 11:53:30,509.0,1.0
2024-05-19 11:53:25,509.0,0.0
2024-05-19 11:53:20,509.0,0.0
2024-05-19 11:53:15,509.0,2.0
2024-05-19 11:53:10,509.0,0.0
2024-05-19 11:53:05,509.0,0.0
2024-05-19 11:53:00,509.0,0.0
2024-05-19 11:52:55,509.0,2.0
2024-05-19 11:52:50,509.0,0.0
2024-05-19 11:52:45,509.0,0.0
2024-05-19 11:52:40,509.0,0.0
2024-05-19 11:52:35,509.0,3.0
2024-05-19 11:52:30,508.0,1.0
2024-05-19 11:52:25,509.0,0.0
2024-05-19 11:52:20,509.0,0.0
2024-05-19 11:52:15,509.0,3.0
2024-05-19 11:52:10,508.0,0.0
2024-05-19 11:52:05,508.0,0.0
2024-05-19 11:52:00,508.0,3.0
2024-05-19 11:51:55,509.0,0.0
2024-05-19 11:51:50,509.0,0.0
2024-05-19 11:51:45,509.0,0.0
2024-05-19 11:51:40,509.0,2.0
2024-05-19 11:51:35,509.0,0.0
2024-05-19 11:51:30,509.0,2.0
2024-05-19 11:51:25,509.0,0.0
2024-05-19 11:51:20,509.0,2.0
2024-05-19 11:51:15,509.0,1.0
2024-05-19 11:51:10,509.0,0.0
2024-05-19 11:51:05,509.0,0.0
2024-05-19 11:51:00,509.0,2.0
2024-05-19 11:50:55,509.0,0.0
2024-05-19 11:50:50,509.0,1.0
2024-05-19 11:50:45,509.0,0.0
2024-05-19 11:50:40,509.0,2.0
2024-05-19 11:50:35,509.0,0.0
2024-05-19 11:50:30,509.0,0.0
2024-05-19 11:50:25,509.0,0.0
2024-05-19 11:50:20,509.0,2.0
2024-05-19 11:50:15,509.0,3.0
2024-05-19 11:50:10,509.0,0.0
2024-05-19 11:50:05,509.0,0.0
2024-05-19 11:50:00,509.0,2.0
2024-05-19 11:49:55,508.0,0.0
2024-05-19 11:49:50,508.0,2.0
2024-05-19 11:49:45,509.0,0.0
2024-05-19 11:49:40,509.0,2.0
2024-05-19 11:49:35,509.0,0.0
2024-05-19 11:49:30,509.0,0.0
2024-05-19 11:49:25,509.0,0.0
2024-05-19 11:49:20,509.0,3.0
2024-05-19 11:49:15,509.0,0.0
2024-05-19 11:49:10,509.0,0.0
2024-05-19 11:49:05,509.0,2.0
2024-05-19 11:49:00,509.0,2.0
2024-05-19 11:48:55,508.0,0.0
2024-05-19 11:48:50,508.0,0.0
2024-05-19 11:48:45,508.0,3.0
2024-05-19 11:48:40,509.0,0.0
2024-05-19 11:48:35,509.0,0.0
2024-05-19 11:48:30,509.0,21.0
2024-05-19 11:48:25,509.0,2.0
2024-05-19 11:48:20,510.0,0.0
2024-05-19 11:48:15,510.0,0.0
2024-05-19 11:48:10,510.0,0.0
2024-05-19 11:48:05,510.0,2.0
2024-05-19 11:48:00,510.0,2.0
2024-05-19 11:47:55,510.0,0.0
2024-05-19 11:47:50,510.0,1.0
2024-05-19 11:47:45,509.0,2.0
2024-05-19 11:47:40,510.0,2.0
2024-05-19 11:47:35,510.0,0.0
2024-05-19 11:47:30,510.0,1.0
2024-05-19 11:47:25,509.0,2.0
2024-05-19 11:47:20,509.0,1.0
2024-05-19 11:47:15,509.0,0.0
2024-05-19 11:47:10,509.0,0.0
2024-05-19 11:47:05,509.0,2.0
2024-05-19 11:47:00,508.0,0.0
2024-05-19 11:46:55,508.0,0.0
2024-05-19 11:46:50,508.0,2.0
2024-05-19 11:46:45,509.0,2.0
2024-05-19 11:46:40,509.0,0.0
2024-05-19 11:46:35,509.0,0.0
2024-05-19 11:46:30,509.0,2.0
2024-05-19 11:46:25,509.0,2.0
2024-05-19 11:46:20,510.0,0.0
2024-05-19 11:46:15,510.0,0.0
2024-05-19 11:46:10,510.0,2.0
2024-05-19 11:46:05,510.0,7.0
2024-05-19 11:46:00,509.0,0.0
2024-05-19 11:45:55,509.0,1.0
2024-05-19 11:45:50,509.0,2.0
2024-05-19 11:45:45,509.0,0.0
2024-05-19 11:45:40,509.0,0.0
2024-05-19 11:45:35,509.0,0.0
2024-05-19 11:45:30,509.0,2.0
2024-05-19 11:45:25,509.0,0.0
2024-05-19 11:45:20,509.0,0.0
2024-05-19 11:45:15,509.0,0.0
2024-05-19 11:45:10,509.0,5.0
2024-05-19 11:45:05,508.0,0.0
2024-05-19 11:45:00,508.0,1.0
2024-05-19 11:44:55,509.0,0.0
2024-05-19 11:44:50,509.0,5.0
2024-05-19 11:44:45,509.0,0.0
2024-05-19 11:44:40,509.0,0.0
2024-05-19 11:44:35,509.0,2.0
2024-05-19 11:44:30,509.0,3.0
2024-05-19 11:44:25,509.0,0.0
2024-05-19 11:44:20,509.0,0.0
2024-05-19 11:44:15,509.0,2.0
2024-05-19 11:44:10,509.0,1.0
2024-05-19 11:44:05,509.0,0.0
2024-05-19 11:44:00,509.0,0.0
2024-05-19 11:43:55,509.0,2.0
2024-05-19 11:43:50,509.0,0.0
2024-05-19 11:43:45,509.0,0.0
2024-05-19 11:43:40,509.0,1.0
2024-05-19 11:43:35,509.0,2.0
2024-05-19 11:43:30,509.0,0.0
2024-05-19 11:43:25,509.0,0.0
2024-05-19 11:43:20,509.0,0.0
2024-05-19 11:43:15,509.0,2.0
2024-05-19 11:43:10,509.0,0.0
2024-05-19 11:43:05,509.0,1.0
2024-05-19 11:43:00,509.0,6.0
2024-05-19 11:42:55,509.0,2.0
2024-05-19 11:42:50,509.0,0.0
2024-05-19 11:42:45,509.0,0.0
2024-05-19 11:42:40,509.0,0.0
2024-05-19 11:42:35,509.0,2.0
2024-05-19 11:42:30,509.0,0.0
2024-05-19 11:42:25,509.0,0.0
2024-05-19 11:42:20,509.0,0.0
2024-05-19 11:42:15,509.0,2.0
2024-05-19 11:42:10,509.0,1.0
2024-05-19 11:42:05,508.0,0.0
2024-05-19 11:42:00,508.0,10.0
2024-05-19 11:41:55,509.0,12.0
2024-05-19 11:41:50,508.0,0.0
2024-05-19 11:41:45,508.0,0.0
2024-05-19 11:41:40,508.0,3.0
2024-05-19 11:41:35,509.0,0.0
2024-05-19 11:41:30,509.0,5.0
2024-05-19 11:41:25,509.0,0.0
2024-05-19 11:41:20,509.0,2.0
2024-05-19 11:41:15,508.0,1.0
2024-05-19 11:41:10,509.0,1.0
2024-05-19 11:41:05,509.0,0.0
2024-05-19 11:41:00,509.0,2.0
2024-05-19 11:40:55,509.0,1.0
2024-05-19 11:40:50,509.0,1.0
2024-05-19 11:40:45,509.0,1.0
2024-05-19 11:40:40,509.0,2.0
2024-05-19 11:40:35,509.0,0.0
2024-05-19 11:40:30,509.0,6.0
2024-05-19 11:40:25,509.0,0.0
2024-05-19 11:40:20,509.0,4.0
2024-05-19 11:40:15,508.0,5.0
2024-05-19 11:40:10,510.0,0.0
2024-05-19 11:40:05,510.0,0.0
2024-05-19 11:40:00,510.0,2.0
2024-05-19 11:39:55,509.0,1.0
2024-05-19 11:39:50,509.0,0.0
2024-05-19 11:39:45,509.0,0.0
2024-05-19 11:39:40,509.0,2.0
2024-05-19 11:39:35,509.0,0.0
2024-05-19 11:39:30,509.0,2.0
2024-05-19 11:39:25,509.0,0.0
2024-05-19 11:39:20,509.0,2.0
2024-05-19 11:39:15,509.0,0.0
2024-05-19 11:39:10,509.0,2.0
2024-05-19 11:39:05,509.0,4.0
2024-05-19 11:39:00,509.0,3.0
2024-05-19 11:38:55,509.0,0.0
2024-05-19 11:38:50,509.0,1.0
2024-05-19 11:38:45,509.0,15.0
2024-05-19 11:38:40,509.0,2.0
2024-05-19 11:38:35,509.0,0.0
2024-05-19 11:38:30,509.0,2.0
2024-05-19 11:38:25,509.0,2.0
2024-05-19 11:38:20,509.0,0.0
2024-05-19 11:38:15,509.0,1.0
2024-05-19 11:38:10,509.0,11.0
2024-05-19 11:38:05,509.0,2.0
2024-05-19 11:38:00,508.0,0.0
2024-05-19 11:37:55,508.0,1.0
2024-05-19 11:37:50,509.0,0.0
2024-05-19 11:37:45,509.0,2.0
2024-05-19 11:37:40,509.0,1.0
2024-05-19 11:37:35,509.0,1.0
2024-05-19 11:37:30,508.0,1.0
2024-05-19 11:37:25,509.0,2.0
2024-05-19 11:37:20,509.0,0.0
2024-05-19 11:37:15,509.0,0.0
2024-05-19 11:37:10,509.0,6.0
2024-05-19 11:37:05,509.0,2.0
2024-05-19 11:37:00,509.0,2.0
2024-05-19 11:36:55,509.0,2.0
2024-05-19 11:36:50,509.0,0.0
2024-05-19 11:36:45,509.0,2.0
2024-05-19 11:36:40,508.0,0.0
2024-05-19 11:36:35,508.0,0.0
2024-05-19 11:36:30,508.0,12.0
2024-05-19 11:36:25,509.0,1.0
2024-05-19 11:36:20,509.0,2.0
2024-05-19 11:36:15,509.0,0.0
2024-05-19 11:36:10,509.0,2.0
2024-05-19 11:36:05,509.0,0.0
2024-05-19 11:36:00,509.0,1.0
2024-05-19 11:35:55,509.0,0.0
2024-05-19 11:35:50,509.0,2.0
2024-05-19 11:35:45,509.0,0.0
2024-05-19 11:35:40,509.0,0.0
2024-05-19 11:35:35,509.0,0.0
2024-05-19 11:35:30,509.0,2.0
2024-05-19 11:35:25,509.0,1.0
2024-05-19 11:35:20,509.0,0.0
2024-05-19 11:35:15,509.0,0.0
2024-05-19 11:35:10,509.0,2.0
2024-05-19 11:35:05,509.0,0.0
2024-05-19 11:35:00,509.0,0.0
2024-05-19 11:34:55,509.0,0.0
2024-05-19 11:34:50,509.0,2.0
2024-05-19 11:34:45,509.0,0.0
2024-05-19 11:34:40,509.0,0.0
2024-05-19 11:34:35,509.0,0.0
2024-05-19 11:34:30,509.0,2.0
2024-05-19 11:34:25,509.0,0.0
2024-05-19 11:34:20,509.0,0.0
2024-05-19 11:34:15,509.0,2.0
2024-05-19 11:34:10,509.0,2.0
2024-05-19 11:34:05,509.0,0.0
2024-05-19 11:34:00,509.0,0.0
2024-05-19 11:33:55,509.0,2.0
2024-05-19 11:33:50,508.0,0.0
2024-05-19 11:33:45,508.0,1.0
2024-05-19 11:33:40,509.0,0.0
2024-05-19 11:33:35,509.0,2.0
2024-05-19 11:33:30,509.0,0.0
2024-05-19 11:33:25,509.0,2.0
2024-05-19 11:33:20,509.0,1.0
2024-05-19 11:33:15,509.0,3.0
2024-05-19 11:33:10,509.0,0.0
2024-05-19 11:33:05,509.0,0.0
2024-05-19 11:33:00,509.0,0.0
2024-05-19 11:32:55,509.0,3.0
2024-05-19 11:32:50,509.0,0.0
2024-05-19 11:32:45,509.0,0.0
2024-05-19 11:32:40,509.0,0.0
2024-05-19 11:32:35,509.0,2.0
2024-05-19 11:32:30,509.0,0.0
2024-05-19 11:32:25,509.0,0.0
2024-05-19 11:32:20,509.0,0.0
2024-05-19 11:32:15,509.0,2.0
2024-05-19 11:32:10,509.0,0.0
2024-05-19 11:32:05,509.0,0.0
2024-05-19 11:32:00,509.0,0.0
2024-05-19 11:31:55,509.0,3.0
2024-05-19 11:31:50,509.0,0.0
2024-05-19 11:31:45,509.0,0.0
2024-05-19 11:31:40,509.0,0.0
2024-05-19 11:31:35,509.0,3.0
2024-05-19 11:31:30,508.0,0.0
2024-05-19 11:31:25,508.0,1.0
2024-05-19 11:31:20,508.0,1.0
2024-05-19 11:31:15,509.0,2.0
2024-05-19 11:31:10,508.0,12.0
2024-05-19 11:31:05,508.0,0.0
2024-05-19 11:31:00,508.0,3.0
2024-05-19 11:30:55,508.0,1.0
2024-05-19 11:30:50,508.0,0.0
2024-05-19 11:30:45,508.0,0.0
2024-05-19 11:30:40,508.0,2.0
2024-05-19 11:30:35,507.0,0.0
2024-05-19 11:30:30,507.0,0.0
2024-05-19 11:30:25,507.0,1.0
2024-05-19 11:30:20,508.0,2.0
2024-05-19 11:30:15,507.0,0.0
2024-05-19 11:30:10,507.0,0.0
2024-05-19 11:30:05,507.0,0.0
2024-05-19 11:30:00,507.0,3.0
2024-05-19 11:29:55,508.0,0.0
2024-05-19 11:29:50,508.0,2.0
2024-05-19 11:29:45,508.0,0.0
2024-05-19 11:29:40,508.0,2.0
2024-05-19 11:29:35,508.0,0.0
2024-05-19 11:29:30,508.0,0.0
2024-05-19 11:29:25,508.0,0.0
2024-05-19 11:29:20,508.0,2.0
2024-05-19 11:29:15,508.0,0.0
2024-05-19 11:29:10,508.0,0.0
2024-05-19 11:29:05,508.0,0.0
2024-05-19 11:29:00,508.0,2.0
2024-05-19 11:28:55,508.0,0.0
2024-05-19 11:28:50,508.0,0.0
2024-05-19 11:28:45,508.0,2.0
2024-05-19 11:28:40,508.0,0.0
2024-05-19 11:28:35,508.0,0.0
2024-05-19 11:28:30,508.0,0.0
2024-05-19 11:28:25,508.0,2.0
2024-05-19 11:28:20,508.0,0.0
2024-05-19 11:28:15,508.0,0.0
2024-05-19 11:28:10,508.0,0.0
2024-05-19 11:28:05,508.0,2.0
2024-05-19 11:28:00,507.0,0.0
2024-05-19 11:27:55,507.0,0.0
2024-05-19 11:27:50,507.0,0.0
2024-05-19 11:27:45,507.0,8.0
2024-05-19 11:27:40,507.0,6.0
2024-05-19 11:27:35,508.0,1.0
2024-05-19 11:27:30,508.0,0.0
2024-05-19 11:27:25,508.0,2.0
2024-05-19 11:27:20,507.0,24.0
2024-05-19 11:27:15,507.0,0.0
2024-05-19 11:27:10,507.0,15.0
2024-05-19 11:27:05,507.0,2.0
2024-05-19 11:27:00,507.0,0.0
2024-05-19 11:26:55,507.0,2.0
2024-05-19 11:26:50,507.0,0.0
2024-05-19 11:26:45,507.0,2.0
2024-05-19 11:26:40,507.0,0.0
2024-05-19 11:26:35,507.0,0.0
2024-05-19 11:26:30,507.0,0.0
2024-05-19 11:26:25,507.0,3.0
2024-05-19 11:26:20,506.0,0.0
2024-05-19 11:26:15,506.0,1.0
2024-05-19 11:26:10,506.0,22.0
2024-05-19 11:26:05,507.0,6.0
2024-05-19 11:26:00,507.0,1.0
2024-05-19 11:25:55,508.0,0.0
2024-05-19 11:25:50,508.0,2.0
2024-05-19 11:25:45,508.0,2.0
2024-05-19 11:25:40,508.0,0.0
2024-05-19 11:25:35,508.0,0.0
2024-05-19 11:25:30,508.0,2.0
2024-05-19 11:25:25,508.0,0.0
2024-05-19 11:25:20,508.0,0.0
2024-05-19 11:25:15,508.0,0.0
2024-05-19 11:25:10,508.0,3.0
2024-05-19 11:25:05,508.0,0.0
2024-05-19 11:25:00,508.0,0.0
2024-05-19 11:24:55,508.0,0.0
2024-05-19 11:24:50,508.0,2.0
2024-05-19 11:24:45,508.0,0.0
2024-05-19 11:24:40,508.0,0.0
2024-05-19 11:24:35,508.0,0.0
2024-05-19 11:24:30,508.0,2.0
2024-05-19 11:24:25,508.0,0.0
2024-05-19 11:24:20,508.0,0.0
2024-05-19 11:24:15,508.0,2.0
2024-05-19 11:24:10,508.0,2.0
2024-05-19 11:24:05,508.0,0.0
2024-05-19 11:24:00,508.0,0.0
2024-05-19 11:23:55,508.0,0.0
2024-05-19 11:23:50,508.0,2.0
2024-05-19 11:23:45,508.0,0.0
2024-05-19 11:23:40,508.0,0.0
2024-05-19 11:23:35,508.0,0.0
2024-05-19 11:23:30,508.0,2.0
2024-05-19 11:23:25,508.0,0.0
2024-05-19 11:23:20,508.0,0.0
2024-05-19 11:23:15,508.0,2.0
2024-05-19 11:23:10,508.0,0.0
2024-05-19 11:23:05,508.0,0.0
2024-05-19 11:23:00,508.0,0.0
2024-05-19 11:22:55,508.0,2.0
2024-05-19 11:22:50,508.0,0.0
2024-05-19 11:22:45,508.0,0.0
2024-05-19 11:22:40,508.0,0.0
2024-05-19 11:22:35,508.0,2.0
2024-05-19 11:22:30,507.0,1.0
2024-05-19 11:22:25,508.0,0.0
2024-05-19 11:22:20,508.0,0.0
2024-05-19 11:22:15,508.0,2.0
2024-05-19 11:22:10,508.0,0.0
2024-05-19 11:22:05,508.0,0.0
2024-05-19 11:22:00,508.0,1.0
2024-05-19 11:21:55,508.0,2.0
2024-05-19 11:21:50,508.0,0.0
2024-05-19 11:21:45,508.0,0.0
2024-05-19 11:21:40,508.0,0.0
2024-05-19 11:21:35,508.0,2.0
2024-05-19 11:21:30,507.0,0.0
2024-05-19 11:21:25,507.0,3.0
2024-05-19 11:21:20,508.0,0.0
2024-05-19 11:21:15,508.0,2.0
2024-05-19 11:21:10,507.0,0.0
2024-05-19 11:21:05,507.0,0.0
2024-05-19 11:21:00,507.0,1.0
2024-05-19 11:20:55,508.0,3.0
2024-05-19 11:20:50,508.0,0.0
2024-05-19 11:20:45,508.0,0.0
2024-05-19 11:20:40,508.0,2.0
2024-05-19 11:20:35,508.0,0.0
2024-05-19 11:20:30,508.0,0.0
2024-05-19 11:20:25,508.0,0.0
2024-05-19 11:20:20,508.0,2.0
2024-05-19 11:20:15,508.0,0.0
2024-05-19 11:20:10,508.0,0.0
2024-05-19 11:20:05,508.0,0.0
2024-05-19 11:20:00,508.0,6.0
2024-05-19 11:19:55,508.0,0.0
2024-05-19 11:19:50,508.0,0.0
2024-05-19 11:19:45,508.0,1.0
2024-05-19 11:19:40,508.0,2.0
2024-05-19 11:19:35,508.0,0.0
2024-05-19 11:19:30,508.0,0.0
2024-05-19 11:19:25,508.0,0.0
2024-05-19 11:19:20,508.0,2.0
2024-05-19 11:19:15,507.0,1.0
2024-05-19 11:19:10,507.0,1.0
2024-05-19 11:19:05,507.0,1.0
2024-05-19 11:19:00,507.0,2.0
2024-05-19 11:18:55,507.0,0.0
2024-05-19 11:18:50,507.0,1.0
2024-05-19 11:18:45,506.0,7.0
2024-05-19 11:18:40,507.0,2.0
2024-05-19 11:18:35,507.0,1.0
2024-05-19 11:18:30,507.0,0.0
2024-05-19 11:18:25,507.0,2.0
2024-05-19 11:18:20,507.0,0.0
2024-05-19 11:18:15,507.0,0.0
2024-05-19 11:18:10,507.0,0.0
2024-05-19 11:18:05,507.0,4.0
2024-05-19 11:18:00,507.0,1.0
2024-05-19 11:17:55,507.0,0.0
2024-05-19 11:17:50,507.0,0.0
2024-05-19 11:17:45,507.0,2.0
2024-05-19 11:17:40,507.0,0.0
2024-05-19 11:17:35,507.0,1.0
2024-05-19 11:17:30,507.0,1.0
2024-05-19 11:17:25,507.0,2.0
2024-05-19 11:17:20,507.0,4.0
2024-05-19 11:17:15,507.0,0.0
2024-05-19 11:17:10,507.0,0.0
2024-05-19 11:17:05,507.0,8.0
2024-05-19 11:17:00,507.0,0.0
2024-05-19 11:16:55,507.0,0.0
2024-05-19 11:16:50,507.0,0.0
2024-05-19 11:16:45,507.0,2.0
2024-05-19 11:16:40,507.0,1.0
2024-05-19 11:16:35,508.0,0.0
2024-05-19 11:16:30,508.0,0.0
2024-05-19 11:16:25,508.0,2.0
2024-05-19 11:16:20,507.0,0.0
2024-05-19 11:16:15,507.0,0.0
2024-05-19 11:16:10,507.0,0.0
2024-05-19 11:16:05,507.0,2.0
2024-05-19 11:16:00,506.0,0.0
2024-05-19 11:15:55,506.0,0.0
2024-05-19 11:15:50,506.0,3.0
2024-05-19 11:15:45,508.0,0.0
2024-05-19 11:15:40,508.0,0.0
2024-05-19 11:15:35,508.0,0.0
2024-05-19 11:15:30,508.0,2.0
2024-05-19 11:15:25,507.0,0.0
2024-05-19 11:15:20,507.0,0.0
2024-05-19 11:15:15,507.0,1.0
2024-05-19 11:15:10,507.0,2.0
2024-05-19 11:15:05,506.0,0.0
2024-05-19 11:15:00,506.0,1.0
2024-05-19 11:14:55,507.0,0.0
2024-05-19 11:14:50,507.0,2.0
2024-05-19 11:14:45,507.0,0.0
2024-05-19 11:14:40,507.0,0.0
2024-05-19 11:14:35,507.0,0.0
2024-05-19 11:14:30,507.0,2.0
2024-05-19 11:14:25,507.0,0.0
2024-05-19 11:14:20,507.0,0.0
2024-05-19 11:14:15,507.0,1.0
2024-05-19 11:14:10,507.0,2.0
2024-05-19 11:14:05,507.0,1.0
2024-05-19 11:14:00,507.0,0.0
2024-05-19 11:13:55,507.0,0.0
2024-05-19 11:13:50,507.0,2.0
2024-05-19 11:13:45,507.0,0.0
2024-05-19 11:13:40,507.0,0.0
2024-05-19 11:13:35,507.0,0.0
2024-05-19 11:13:30,507.0,2.0
2024-05-19 11:13:25,507.0,0.0
2024-05-19 11:13:20,507.0,0.0
2024-05-19 11:13:15,507.0,0.0
2024-05-19 11:13:10,507.0,2.0
2024-05-19 11:13:05,507.0,0.0
2024-05-19 11:13:00,507.0,0.0
2024-05-19 11:12:55,507.0,2.0
2024-05-19 11:12:50,507.0,0.0
2024-05-19 11:12:45,507.0,0.0
2024-05-19 11:12:40,507.0,0.0
2024-05-19 11:12:35,507.0,2.0
2024-05-19 11:12:30,507.0,0.0
2024-05-19 11:12:25,507.0,0.0
2024-05-19 11:12:20,507.0,0.0
2024-05-19 11:12:15,507.0,3.0
2024-05-19 11:12:10,507.0,0.0
2024-05-19 11:12:05,507.0,0.0
2024-05-19 11:12:00,507.0,0.0
2024-05-19 11:11:55,507.0,2.0
2024-05-19 11:11:50,507.0,0.0
2024-05-19 11:11:45,507.0,1.0
2024-05-19 11:11:40,507.0,21.0
2024-05-19 11:11:35,508.0,2.0
2024-05-19 11:11:30,508.0,0.0
2024-05-19 11:11:25,508.0,0.0
2024-05-19 11:11:20,508.0,5.0
2024-05-19 11:11:15,508.0,3.0
2024-05-19 11:11:10,508.0,0.0
2024-05-19 11:11:05,508.0,0.0
2024-05-19 11:11:00,508.0,0.0
2024-05-19 11:10:55,508.0,3.0
2024-05-19 11:10:50,507.0,0.0
2024-05-19 11:10:45,507.0,0.0
2024-05-19 11:10:40,507.0,1.0
2024-05-19 11:10:35,508.0,3.0
2024-05-19 11:10:30,508.0,1.0
2024-05-19 11:10:25,508.0,0.0
2024-05-19 11:10:20,508.0,2.0
2024-05-19 11:10:15,508.0,0.0
2024-05-19 11:10:10,508.0,0.0
2024-05-19 11:10:05,508.0,0.0
2024-05-19 11:10:00,508.0,2.0
2024-05-19 11:09:55,508.0,0.0
2024-05-19 11:09:50,508.0,0.0
2024-05-19 11:09:45,508.0,0.0
2024-05-19 11:09:40,508.0,2.0
2024-05-19 11:09:35,508.0,1.0
2024-05-19 11:09:30,507.0,1.0
2024-05-19 11:09:25,508.0,0.0
2024-05-19 11:09:20,508.0,2.0
2024-05-19 11:09:15,508.0,1.0
2024-05-19 11:09:10,508.0,0.0
2024-05-19 11:09:05,508.0,0.0
2024-05-19 11:09:00,508.0,2.0
2024-05-19 11:08:55,508.0,0.0
2024-05-19 11:08:50,508.0,0.0
2024-05-19 11:08:45,508.0,0.0
2024-05-19 11:08:40,508.0,2.0
2024-05-19 11:08:35,508.0,0.0
2024-05-19 11:08:30,508.0,0.0
2024-05-19 11:08:25,508.0,0.0
2024-05-19 11:08:20,508.0,3.0
2024-05-19 11:08:15,508.0,0.0
2024-05-19 11:08:10,508.0,0.0
2024-05-19 11:08:05,508.0,2.0
2024-05-19 11:08:00,508.0,0.0
2024-05-19 11:07:55,508.0,0.0
2024-05-19 11:07:50,508.0,0.0
2024-05-19 11:07:45,508.0,2.0
2024-05-19 11:07:40,508.0,0.0
2024-05-19 11:07:35,508.0,1.0
2024-05-19 11:07:30,507.0,1.0
2024-05-19 11:07:25,508.0,2.0
2024-05-19 11:07:20,507.0,0.0
2024-05-19 11:07:15,507.0,0.0
2024-05-19 11:07:10,507.0,0.0
2024-05-19 11:07:05,507.0,3.0
2024-05-19 11:07:00,508.0,0.0
2024-05-19 11:06:55,508.0,0.0
2024-05-19 11:06:50,508.0,0.0
2024-05-19 11:06:45,508.0,2.0
2024-05-19 11:06:40,508.0,2.0
2024-05-19 11:06:35,508.0,0.0
2024-05-19 11:06:30,508.0,0.0
2024-05-19 11:06:25,508.0,2.0
2024-05-19 11:06:20,508.0,0.0
2024-05-19 11:06:15,508.0,0.0
2024-05-19 11:06:10,508.0,0.0
2024-05-19 11:06:05,508.0,3.0
2024-05-19 11:06:00,508.0,2.0
2024-05-19 11:05:55,508.0,0.0
2024-05-19 11:05:50,508.0,2.0
2024-05-19 11:05:45,508.0,2.0
2024-05-19 11:05:40,508.0,25.0
2024-05-19 11:05:35,506.0,0.0
2024-05-19 11:05:30,506.0,3.0
2024-05-19 11:05:25,508.0,0.0
2024-05-19 11:05:20,508.0,0.0
2024-05-19 11:05:15,508.0,0.0
2024-05-19 11:05:10,508.0,2.0
2024-05-19 11:05:05,508.0,0.0
2024-05-19 11:05:00,508.0,0.0
2024-05-19 11:04:55,508.0,0.0
2024-05-19 11:04:50,508.0,2.0
2024-05-19 11:04:45,507.0,7.0
2024-05-19 11:04:40,507.0,0.0
2024-05-19 11:04:35,507.0,0.0
2024-05-19 11:04:30,507.0,3.0
2024-05-19 11:04:25,507.0,1.0
2024-05-19 11:04:20,507.0,1.0
2024-05-19 11:04:15,507.0,1.0
2024-05-19 11:04:10,507.0,2.0
2024-05-19 11:04:05,507.0,0.0
2024-05-19 11:04:00,507.0,2.0
2024-05-19 11:03:55,507.0,0.0
2024-05-19 11:03:50,507.0,3.0
2024-05-19 11:03:45,506.0,1.0
2024-05-19 11:03:40,507.0,0.0
2024-05-19 11:03:35,507.0,0.0
2024-05-19 11:03:30,507.0,2.0
2024-05-19 11:03:25,507.0,0.0
2024-05-19 11:03:20,507.0,0.0
2024-05-19 11:03:15,507.0,2.0
2024-05-19 11:03:10,507.0,0.0
2024-05-19 11:03:05,507.0,0.0
2024-05-19 11:03:00,507.0,0.0
2024-05-19 11:02:55,507.0,0.0
2024-05-19 11:02:50,507.0,2.0
2024-05-19 11:02:45,507.0,2.0
2024-05-19 11:02:40,507.0,0.0
2024-05-19 11:02:35,507.0,2.0
2024-05-19 11:02:30,507.0,0.0
2024-05-19 11:02:25,507.0,0.0
2024-05-19 11:02:20,507.0,0.0
2024-05-19 11:02:15,507.0,2.0
2024-05-19 11:02:10,507.0,0.0
2024-05-19 11:02:05,507.0,2.0
2024-05-19 11:02:00,507.0,1.0
2024-05-19 11:01:55,507.0,2.0
2024-05-19 11:01:50,507.0,0.0
2024-05-19 11:01:45,507.0,1.0
2024-05-19 11:01:40,507.0,0.0
2024-05-19 11:01:35,507.0,3.0
2024-05-19 11:01:30,507.0,0.0
2024-05-19 11:01:25,507.0,0.0
2024-05-19 11:01:20,507.0,0.0
2024-05-19 11:01:15,507.0,2.0
2024-05-19 11:01:10,507.0,0.0
2024-05-19 11:01:05,507.0,0.0
2024-05-19 11:01:00,507.0,0.0
2024-05-19 11:00:55,507.0,3.0
2024-05-19 11:00:50,507.0,0.0
2024-05-19 11:00:45,507.0,1.0
2024-05-19 11:00:40,506.0,1.0
2024-05-19 11:00:35,507.0,2.0
2024-05-19 11:00:30,506.0,0.0
2024-05-19 11:00:25,506.0,0.0
2024-05-19 11:00:20,506.0,5.0
2024-05-19 11:00:15,506.0,0.0
2024-05-19 11:00:10,506.0,0.0
2024-05-19 11:00:05,506.0,0.0
2024-05-19 11:00:00,506.0,3.0
2024-05-19 10:59:55,507.0,0.0
2024-05-19 10:59:50,507.0,0.0
2024-05-19 10:59:45,507.0,0.0
2024-05-19 10:59:40,507.0,2.0
2024-05-19 10:59:35,507.0,1.0
2024-05-19 10:59:30,507.0,0.0
2024-05-19 10:59:25,507.0,0.0
2024-05-19 10:59:20,507.0,3.0
2024-05-19 10:59:15,507.0,0.0
2024-05-19 10:59:10,507.0,0.0
2024-05-19 10:59:05,507.0,0.0
2024-05-19 10:59:00,507.0,2.0
2024-05-19 10:58:55,507.0,0.0
2024-05-19 10:58:50,507.0,0.0
2024-05-19 10:58:45,507.0,0.0
2024-05-19 10:58:40,507.0,2.0
2024-05-19 10:58:35,507.0,0.0
2024-05-19 10:58:30,507.0,0.0
2024-05-19 10:58:25,507.0,0.0
2024-05-19 10:58:20,507.0,2.0
2024-05-19 10:58:15,507.0,0.0
2024-05-19 10:58:10,507.0,0.0
2024-05-19 10:58:05,507.0,0.0
2024-05-19 10:58:00,507.0,2.0
2024-05-19 10:57:55,507.0,0.0
2024-05-19 10:57:50,507.0,0.0
2024-05-19 10:57:45,507.0,2.0
2024-05-19 10:57:40,507.0,0.0
2024-05-19 10:57:35,507.0,1.0
2024-05-19 10:57:30,507.0,0.0
2024-05-19 10:57:25,507.0,2.0
2024-05-19 10:57:20,507.0,0.0
2024-05-19 10:57:15,507.0,0.0
2024-05-19 10:57:10,507.0,0.0
2024-05-19 10:57:05,507.0,3.0
2024-05-19 10:57:00,507.0,0.0
2024-05-19 10:56:55,507.0,2.0
2024-05-19 10:56:50,507.0,0.0
2024-05-19 10:56:45,507.0,2.0
2024-05-19 10:56:40,507.0,0.0
2024-05-19 10:56:35,507.0,0.0
2024-05-19 10:56:30,507.0,0.0
2024-05-19 10:56:25,507.0,2.0
2024-05-19 10:56:20,506.0,0.0
2024-05-19 10:56:15,506.0,2.0
2024-05-19 10:56:10,507.0,0.0
2024-05-19 10:56:05,507.0,2.0
2024-05-19 10:56:00,507.0,0.0
2024-05-19 10:55:55,507.0,0.0
2024-05-19 10:55:50,507.0,0.0
2024-05-19 10:55:45,507.0,2.0
2024-05-19 10:55:40,507.0,0.0
2024-05-19 10:55:35,507.0,0.0
2024-05-19 10:55:30,507.0,0.0
2024-05-19 10:55:25,507.0,2.0
2024-05-19 10:55:20,506.0,0.0
2024-05-19 10:55:15,506.0,1.0
2024-05-19 10:55:10,505.0,3.0
2024-05-19 10:55:05,506.0,3.0
2024-05-19 10:55:00,506.0,0.0
2024-05-19 10:54:55,506.0,1.0
2024-05-19 10:54:50,506.0,4.0
2024-05-19 10:54:45,506.0,0.0
2024-05-19 10:54:40,506.0,0.0
2024-05-19 10:54:35,506.0,0.0
2024-05-19 10:54:30,506.0,5.0
2024-05-19 10:54:25,506.0,0.0
2024-05-19 10:54:20,506.0,1.0
2024-05-19 10:54:15,506.0,0.0
2024-05-19 10:54:10,506.0,3.0
2024-05-19 10:54:05,506.0,0.0
2024-05-19 10:54:00,506.0,1.0
2024-05-19 10:53:55,506.0,0.0
2024-05-19 10:53:50,506.0,3.0
2024-05-19 10:53:45,506.0,0.0
2024-05-19 10:53:40,506.0,1.0
2024-05-19 10:53:35,506.0,1.0
2024-05-19 10:53:30,506.0,2.0
2024-05-19 10:53:25,506.0,0.0
2024-05-19 10:53:20,506.0,0.0
2024-05-19 10:53:15,506.0,0.0
2024-05-19 10:53:10,506.0,2.0
2024-05-19 10:53:05,506.0,0.0
2024-05-19 10:53:00,506.0,0.0
2024-05-19 10:52:55,506.0,2.0
2024-05-19 10:52:50,506.0,0.0
2024-05-19 10:52:45,506.0,0.0
2024-05-19 10:52:40,506.0,0.0
2024-05-19 10:52:35,506.0,1.0
2024-05-19 10:52:30,506.0,3.0
2024-05-19 10:52:25,506.0,0.0
2024-05-19 10:52:20,506.0,0.0
2024-05-19 10:52:15,506.0,2.0
2024-05-19 10:52:10,506.0,1.0
2024-05-19 10:52:05,506.0,0.0
2024-05-19 10:52:00,506.0,0.0
2024-05-19 10:51:55,506.0,2.0
2024-05-19 10:51:50,506.0,0.0
2024-05-19 10:51:45,506.0,0.0
2024-05-19 10:51:40,506.0,0.0
2024-05-19 10:51:35,506.0,2.0
2024-05-19 10:51:30,506.0,0.0
2024-05-19 10:51:25,506.0,0.0
2024-05-19 10:51:20,506.0,0.0
2024-05-19 10:51:15,506.0,2.0
2024-05-19 10:51:10,506.0,0.0
2024-05-19 10:51:05,506.0,0.0
2024-05-19 10:51:00,506.0,0.0
2024-05-19 10:50:55,506.0,3.0
2024-05-19 10:50:50,506.0,0.0
2024-05-19 10:50:45,506.0,9.0
2024-05-19 10:50:40,507.0,0.0
2024-05-19 10:50:35,507.0,2.0
2024-05-19 10:50:30,507.0,0.0
2024-05-19 10:50:25,507.0,0.0
2024-05-19 10:50:20,507.0,1.0
2024-05-19 10:50:15,507.0,2.0
2024-05-19 10:50:10,506.0,0.0
2024-05-19 10:50:05,506.0,0.0
2024-05-19 10:50:00,506.0,4.0
2024-05-19 10:49:55,507.0,0.0
2024-05-19 10:49:50,507.0,0.0
2024-05-19 10:49:45,507.0,2.0
2024-05-19 10:49:40,507.0,2.0
2024-05-19 10:49:35,507.0,0.0
2024-05-19 10:49:30,507.0,0.0
2024-05-19 10:49:25,507.0,0.0
2024-05-19 10:49:20,507.0,2.0
2024-05-19 10:49:15,507.0,0.0
2024-05-19 10:49:10,507.0,0.0
2024-05-19 10:49:05,507.0,0.0
2024-05-19 10:49:00,507.0,3.0
2024-05-19 10:48:55,507.0,0.0
2024-05-19 10:48:50,507.0,0.0
2024-05-19 10:48:45,507.0,9.0
2024-05-19 10:48:40,508.0,2.0
2024-05-19 10:48:35,508.0,0.0
2024-05-19 10:48:30,508.0,0.0
2024-05-19 10:48:25,508.0,0.0
2024-05-19 10:48:20,508.0,2.0
2024-05-19 10:48:15,508.0,0.0
2024-05-19 10:48:10,508.0,0.0
2024-05-19 10:48:05,508.0,1.0
2024-05-19 10:48:00,508.0,2.0
2024-05-19 10:47:55,508.0,0.0
2024-05-19 10:47:50,508.0,0.0
2024-05-19 10:47:45,508.0,0.0
2024-05-19 10:47:40,508.0,3.0
2024-05-19 10:47:35,507.0,0.0
2024-05-19 10:47:30,507.0,1.0
2024-05-19 10:47:25,508.0,2.0
2024-05-19 10:47:20,508.0,0.0
2024-05-19 10:47:15,508.0,0.0
2024-05-19 10:47:10,508.0,0.0
2024-05-19 10:47:05,508.0,2.0
2024-05-19 10:47:00,507.0,1.0
2024-05-19 10:46:55,508.0,0.0
2024-05-19 10:46:50,508.0,0.0
2024-05-19 10:46:45,508.0,2.0
2024-05-19 10:46:40,508.0,0.0
2024-05-19 10:46:35,508.0,3.0
2024-05-19 10:46:30,508.0,0.0
2024-05-19 10:46:25,508.0,2.0
2024-05-19 10:46:20,508.0,0.0
2024-05-19 10:46:15,508.0,0.0
2024-05-19 10:46:10,508.0,1.0
2024-05-19 10:46:05,508.0,2.0
2024-05-19 10:46:00,508.0,0.0
2024-05-19 10:45:55,508.0,0.0
2024-05-19 10:45:50,508.0,0.0
2024-05-19 10:45:45,508.0,3.0
2024-05-19 10:45:40,509.0,0.0
2024-05-19 10:45:35,509.0,0.0
2024-05-19 10:45:30,509.0,0.0
2024-05-19 10:45:25,509.0,2.0
2024-05-19 10:45:20,509.0,0.0
2024-05-19 10:45:15,509.0,0.0
2024-05-19 10:45:10,509.0,1.0
2024-05-19 10:45:05,508.0,2.0
2024-05-19 10:45:00,507.0,1.0
2024-05-19 10:44:55,507.0,0.0
2024-05-19 10:44:50,507.0,3.0
2024-05-19 10:44:45,508.0,0.0
2024-05-19 10:44:40,508.0,0.0
2024-05-19 10:44:35,508.0,0.0
2024-05-19 10:44:30,508.0,2.0
2024-05-19 10:44:25,508.0,0.0
2024-05-19 10:44:20,508.0,1.0
2024-05-19 10:44:15,508.0,0.0
2024-05-19 10:44:10,508.0,2.0
2024-05-19 10:44:05,508.0,1.0
2024-05-19 10:44:00,508.0,1.0
2024-05-19 10:43:55,508.0,0.0
2024-05-19 10:43:50,508.0,7.0
2024-05-19 10:43:45,508.0,0.0
2024-05-19 10:43:40,508.0,0.0
2024-05-19 10:43:35,508.0,1.0
2024-05-19 10:43:30,508.0,2.0
2024-05-19 10:43:25,507.0,0.0
2024-05-19 10:43:20,507.0,0.0
2024-05-19 10:43:15,507.0,0.0
2024-05-19 10:43:10,507.0,5.0
2024-05-19 10:43:05,508.0,0.0
2024-05-19 10:43:00,508.0,0.0
2024-05-19 10:42:55,508.0,0.0
2024-05-19 10:42:50,508.0,2.0
2024-05-19 10:42:45,508.0,0.0
2024-05-19 10:42:40,508.0,0.0
2024-05-19 10:42:35,508.0,2.0
2024-05-19 10:42:30,507.0,0.0
2024-05-19 10:42:25,507.0,3.0
2024-05-19 10:42:20,507.0,4.0
2024-05-19 10:42:15,507.0,0.0
2024-05-19 10:42:10,507.0,2.0
2024-05-19 10:42:05,507.0,0.0
2024-05-19 10:42:00,507.0,0.0
2024-05-19 10:41:55,507.0,2.0
2024-05-19 10:41:50,507.0,0.0
2024-05-19 10:41:45,507.0,0.0
2024-05-19 10:41:40,507.0,3.0
2024-05-19 10:41:35,506.0,4.0
2024-05-19 10:41:30,506.0,20.0
2024-05-19 10:41:25,506.0,0.0
2024-05-19 10:41:20,506.0,1.0
2024-05-19 10:41:15,505.0,3.0
2024-05-19 10:41:10,506.0,0.0
2024-05-19 10:41:05,506.0,0.0
2024-05-19 10:41:00,506.0,1.0
2024-05-19 10:40:55,506.0,2.0
2024-05-19 10:40:50,506.0,0.0
2024-05-19 10:40:45,506.0,0.0
2024-05-19 10:40:40,506.0,0.0
2024-05-19 10:40:35,506.0,2.0
2024-05-19 10:40:30,506.0,0.0
2024-05-19 10:40:25,506.0,1.0
2024-05-19 10:40:20,506.0,0.0
2024-05-19 10:40:15,506.0,2.0
2024-05-19 10:40:10,506.0,0.0
2024-05-19 10:40:05,506.0,0.0
2024-05-19 10:40:00,506.0,0.0
2024-05-19 10:39:55,506.0,2.0
2024-05-19 10:39:50,505.0,0.0
2024-05-19 10:39:45,505.0,1.0
2024-05-19 10:39:40,506.0,2.0
2024-05-19 10:39:35,506.0,0.0
2024-05-19 10:39:30,506.0,0.0
2024-05-19 10:39:25,506.0,0.0
2024-05-19 10:39:20,506.0,2.0
2024-05-19 10:39:15,506.0,0.0
2024-05-19 10:39:10,506.0,0.0
2024-05-19 10:39:05,506.0,0.0
2024-05-19 10:39:00,506.0,2.0
2024-05-19 10:38:55,506.0,0.0
2024-05-19 10:38:50,506.0,0.0
2024-05-19 10:38:45,506.0,0.0
2024-05-19 10:38:40,506.0,2.0
2024-05-19 10:38:35,505.0,9.0
2024-05-19 10:38:30,505.0,0.0
2024-05-19 10:38:25,505.0,2.0
2024-05-19 10:38:20,505.0,2.0
2024-05-19 10:38:15,505.0,0.0
2024-05-19 10:38:10,505.0,2.0
2024-05-19 10:38:05,506.0,2.0
2024-05-19 10:38:00,505.0,5.0
2024-05-19 10:37:55,505.0,73.0
2024-05-19 10:37:50,506.0,6.0
2024-05-19 10:37:45,506.0,7.0
2024-05-19 10:37:40,507.0,4.0
2024-05-19 10:37:35,506.0,0.0
2024-05-19 10:37:30,506.0,2.0
2024-05-19 10:37:25,507.0,1.0
2024-05-19 10:37:20,507.0,2.0
2024-05-19 10:37:15,506.0,1.0
2024-05-19 10:37:10,508.0,0.0
2024-05-19 10:37:05,508.0,2.0
2024-05-19 10:37:00,508.0,0.0
2024-05-19 10:36:55,508.0,0.0
2024-05-19 10:36:50,508.0,1.0
2024-05-19 10:36:45,507.0,2.0
2024-05-19 10:36:40,507.0,0.0
2024-05-19 10:36:35,507.0,0.0
2024-05-19 10:36:30,507.0,0.0
2024-05-19 10:36:25,507.0,2.0
2024-05-19 10:36:20,506.0,10.0
2024-05-19 10:36:15,508.0,0.0
2024-05-19 10:36:10,508.0,0.0
2024-05-19 10:36:05,508.0,2.0
2024-05-19 10:36:00,508.0,0.0
2024-05-19 10:35:55,508.0,0.0
2024-05-19 10:35:50,508.0,0.0
2024-05-19 10:35:45,508.0,2.0
2024-05-19 10:35:40,508.0,0.0
2024-05-19 10:35:35,508.0,1.0
2024-05-19 10:35:30,507.0,0.0
2024-05-19 10:35:25,507.0,2.0
2024-05-19 10:35:20,507.0,0.0
2024-05-19 10:35:15,507.0,0.0
2024-05-19 10:35:10,507.0,1.0
2024-05-19 10:35:05,507.0,1.0
2024-05-19 10:35:00,507.0,1.0
2024-05-19 10:34:55,507.0,1.0
2024-05-19 10:34:50,508.0,2.0
2024-05-19 10:34:45,508.0,5.0
2024-05-19 10:34:40,506.0,0.0
2024-05-19 10:34:35,506.0,2.0
2024-05-19 10:34:30,508.0,3.0
2024-05-19 10:34:25,507.0,2.0
2024-05-19 10:34:20,507.0,1.0
2024-05-19 10:34:15,506.0,0.0
2024-05-19 10:34:10,506.0,3.0
2024-05-19 10:34:05,507.0,1.0
2024-05-19 10:34:00,507.0,0.0
2024-05-19 10:33:55,507.0,0.0
2024-05-19 10:33:50,507.0,3.0
2024-05-19 10:33:45,506.0,2.0
2024-05-19 10:33:40,506.0,0.0
2024-05-19 10:33:35,506.0,12.0
2024-05-19 10:33:30,507.0,3.0
2024-05-19 10:33:25,508.0,0.0
2024-05-19 10:33:20,508.0,0.0
2024-05-19 10:33:15,508.0,0.0
2024-05-19 10:33:10,508.0,2.0
2024-05-19 10:33:05,508.0,0.0
2024-05-19 10:33:00,508.0,0.0
2024-05-19 10:32:55,508.0,0.0
2024-05-19 10:32:50,508.0,2.0
2024-05-19 10:32:45,508.0,0.0
2024-05-19 10:32:40,508.0,1.0
2024-05-19 10:32:35,508.0,0.0
2024-05-19 10:32:30,508.0,2.0
2024-05-19 10:32:25,507.0,0.0
2024-05-19 10:32:20,507.0,2.0
2024-05-19 10:32:15,508.0,0.0
2024-05-19 10:32:10,508.0,2.0
2024-05-19 10:32:05,508.0,0.0
2024-05-19 10:32:00,508.0,0.0
2024-05-19 10:31:55,508.0,2.0
2024-05-19 10:31:50,508.0,0.0
2024-05-19 10:31:45,508.0,0.0
2024-05-19 10:31:40,508.0,0.0
2024-05-19 10:31:35,508.0,2.0
2024-05-19 10:31:30,506.0,0.0
2024-05-19 10:31:25,506.0,1.0
2024-05-19 10:31:20,506.0,0.0
2024-05-19 10:31:15,506.0,3.0
2024-05-19 10:31:10,508.0,0.0
2024-05-19 10:31:05,508.0,0.0
2024-05-19 10:31:00,508.0,1.0
2024-05-19 10:30:55,508.0,2.0
2024-05-19 10:30:50,508.0,0.0
2024-05-19 10:30:45,508.0,1.0
2024-05-19 10:30:40,506.0,1.0
2024-05-19 10:30:35,508.0,4.0
2024-05-19 10:30:30,508.0,0.0
2024-05-19 10:30:25,508.0,0.0
2024-05-19 10:30:20,508.0,0.0
2024-05-19 10:30:15,508.0,6.0
2024-05-19 10:30:10,507.0,3.0
2024-05-19 10:30:05,508.0,1.0
2024-05-19 10:30:00,507.0,1.0
2024-05-19 10:29:55,508.0,2.0
2024-05-19 10:29:50,508.0,0.0
2024-05-19 10:29:45,508.0,0.0
2024-05-19 10:29:40,508.0,0.0
2024-05-19 10:29:35,508.0,2.0
2024-05-19 10:29:30,507.0,0.0
2024-05-19 10:29:25,507.0,1.0
2024-05-19 10:29:20,508.0,2.0
2024-05-19 10:29:15,508.0,0.0
2024-05-19 10:29:10,508.0,0.0
2024-05-19 10:29:05,508.0,0.0
2024-05-19 10:29:00,508.0,2.0
2024-05-19 10:28:55,508.0,0.0
2024-05-19 10:28:50,508.0,0.0
2024-05-19 10:28:45,508.0,0.0
2024-05-19 10:28:40,508.0,2.0
2024-05-19 10:28:35,508.0,0.0
2024-05-19 10:28:30,508.0,0.0
2024-05-19 10:28:25,508.0,0.0
2024-05-19 10:28:20,508.0,2.0
2024-05-19 10:28:15,508.0,0.0
2024-05-19 10:28:10,508.0,0.0
2024-05-19 10:28:05,508.0,0.0
2024-05-19 10:28:00,508.0,2.0
2024-05-19 10:27:55,508.0,0.0
2024-05-19 10:27:50,508.0,0.0
2024-05-19 10:27:45,508.0,0.0
2024-05-19 10:27:40,508.0,10.0
2024-05-19 10:27:35,508.0,0.0
2024-05-19 10:27:30,508.0,0.0
2024-05-19 10:27:25,508.0,1.0
2024-05-19 10:27:20,508.0,2.0
2024-05-19 10:27:15,507.0,3.0
2024-05-19 10:27:10,506.0,0.0
2024-05-19 10:27:05,506.0,6.0
2024-05-19 10:27:00,507.0,3.0
2024-05-19 10:26:55,506.0,0.0
2024-05-19 10:26:50,506.0,1.0
2024-05-19 10:26:45,506.0,3.0
2024-05-19 10:26:40,506.0,74.0
2024-05-19 10:26:35,509.0,1.0
2024-05-19 10:26:30,509.0,0.0
2024-05-19 10:26:25,509.0,2.0
2024-05-19 10:26:20,508.0,0.0
2024-05-19 10:26:15,508.0,1.0
2024-05-19 10:26:10,508.0,0.0
2024-05-19 10:26:05,508.0,4.0
2024-05-19 10:26:00,509.0,2.0
2024-05-19 10:25:55,509.0,0.0
2024-05-19 10:25:50,509.0,0.0
2024-05-19 10:25:45,509.0,2.0
2024-05-19 10:25:40,508.0,0.0
2024-05-19 10:25:35,508.0,0.0
2024-05-19 10:25:30,508.0,0.0
2024-05-19 10:25:25,508.0,3.0
2024-05-19 10:25:20,508.0,1.0
2024-05-19 10:25:15,509.0,0.0
2024-05-19 10:25:10,509.0,0.0
2024-05-19 10:25:05,509.0,2.0
2024-05-19 10:25:00,509.0,0.0
2024-05-19 10:24:55,509.0,1.0
2024-05-19 10:24:50,509.0,0.0
2024-05-19 10:24:45,509.0,2.0
2024-05-19 10:24:40,508.0,0.0
2024-05-19 10:24:35,508.0,1.0
2024-05-19 10:24:30,509.0,1.0
2024-05-19 10:24:25,509.0,2.0
2024-05-19 10:24:20,508.0,12.0
2024-05-19 10:24:15,510.0,0.0
2024-05-19 10:24:10,510.0,2.0
2024-05-19 10:24:05,510.0,0.0
2024-05-19 10:24:00,510.0,0.0
2024-05-19 10:23:55,510.0,0.0
2024-05-19 10:23:50,510.0,2.0
2024-05-19 10:23:45,510.0,0.0
2024-05-19 10:23:40,510.0,0.0
2024-05-19 10:23:35,510.0,0.0
2024-05-19 10:23:30,510.0,3.0
2024-05-19 10:23:25,509.0,3.0
2024-05-19 10:23:20,509.0,1.0
2024-05-19 10:23:15,509.0,0.0
2024-05-19 10:23:10,509.0,2.0
2024-05-19 10:23:05,509.0,0.0
2024-05-19 10:23:00,509.0,1.0
2024-05-19 10:22:55,509.0,0.0
2024-05-19 10:22:50,509.0,3.0
2024-05-19 10:22:45,508.0,0.0
2024-05-19 10:22:40,508.0,0.0
2024-05-19 10:22:35,508.0,0.0
2024-05-19 10:22:30,508.0,3.0
2024-05-19 10:22:25,509.0,0.0
2024-05-19 10:22:20,509.0,0.0
2024-05-19 10:22:15,509.0,2.0
2024-05-19 10:22:10,509.0,2.0
2024-05-19 10:22:05,509.0,0.0
2024-05-19 10:22:00,509.0,0.0
2024-05-19 10:21:55,509.0,0.0
2024-05-19 10:21:50,509.0,3.0
2024-05-19 10:21:45,509.0,0.0
2024-05-19 10:21:40,509.0,0.0
2024-05-19 10:21:35,509.0,2.0
2024-05-19 10:21:30,509.0,0.0
2024-05-19 10:21:25,509.0,0.0
2024-05-19 10:21:20,509.0,0.0
2024-05-19 10:21:15,509.0,2.0
2024-05-19 10:21:10,509.0,1.0
2024-05-19 10:21:05,509.0,1.0
2024-05-19 10:21:00,509.0,1.0
2024-05-19 10:20:55,509.0,2.0
2024-05-19 10:20:50,509.0,0.0
2024-05-19 10:20:45,509.0,0.0
2024-05-19 10:20:40,509.0,0.0
2024-05-19 10:20:35,509.0,2.0
2024-05-19 10:20:30,509.0,0.0
2024-05-19 10:20:25,509.0,0.0
2024-05-19 10:20:20,509.0,0.0
2024-05-19 10:20:15,509.0,3.0
2024-05-19 10:20:10,509.0,0.0
2024-05-19 10:20:05,509.0,2.0
2024-05-19 10:20:00,509.0,0.0
2024-05-19 10:19:55,509.0,2.0
2024-05-19 10:19:50,509.0,0.0
2024-05-19 10:19:45,509.0,0.0
2024-05-19 10:19:40,509.0,0.0
2024-05-19 10:19:35,509.0,2.0
2024-05-19 10:19:30,509.0,0.0
2024-05-19 10:19:25,509.0,0.0
2024-05-19 10:19:20,509.0,2.0
2024-05-19 10:19:15,509.0,0.0
2024-05-19 10:19:10,509.0,0.0
2024-05-19 10:19:05,509.0,0.0
2024-05-19 10:19:00,509.0,2.0
2024-05-19 10:18:55,508.0,0.0
2024-05-19 10:18:50,508.0,0.0
2024-05-19 10:18:45,508.0,1.0
2024-05-19 10:18:40,509.0,2.0
2024-05-19 10:18:35,509.0,2.0
2024-05-19 10:18:30,509.0,20.0
2024-05-19 10:18:25,510.0,0.0
2024-05-19 10:18:20,510.0,2.0
2024-05-19 10:18:15,510.0,0.0
2024-05-19 10:18:10,510.0,0.0
2024-05-19 10:18:05,510.0,0.0
2024-05-19 10:18:00,510.0,2.0
2024-05-19 10:17:55,509.0,1.0
2024-05-19 10:17:50,510.0,0.0
2024-05-19 10:17:45,510.0,0.0
2024-05-19 10:17:40,510.0,3.0
2024-05-19 10:17:35,510.0,1.0
2024-05-19 10:17:30,510.0,0.0
2024-05-19 10:17:25,510.0,0.0
2024-05-19 10:17:20,510.0,2.0
2024-05-19 10:17:15,510.0,0.0
2024-05-19 10:17:10,510.0,0.0
2024-05-19 10:17:05,510.0,0.0
2024-05-19 10:17:00,510.0,2.0
2024-05-19 10:16:55,509.0,0.0
2024-05-19 10:16:50,509.0,0.0
2024-05-19 10:16:45,509.0,3.0
2024-05-19 10:16:40,509.0,2.0
2024-05-19 10:16:35,510.0,1.0
2024-05-19 10:16:30,510.0,0.0
2024-05-19 10:16:25,510.0,7.0
2024-05-19 10:16:20,510.0,0.0
2024-05-19 10:16:15,510.0,0.0
2024-05-19 10:16:10,510.0,0.0
2024-05-19 10:16:05,510.0,2.0
2024-05-19 10:16:00,509.0,1.0
2024-05-19 10:15:55,510.0,0.0
2024-05-19 10:15:50,510.0,0.0
2024-05-19 10:15:45,510.0,2.0
2024-05-19 10:15:40,510.0,0.0
2024-05-19 10:15:35,510.0,0.0
2024-05-19 10:15:30,510.0,0.0
2024-05-19 10:15:25,510.0,2.0
2024-05-19 10:15:20,510.0,0.0
2024-05-19 10:15:15,510.0,0.0
2024-05-19 10:15:10,510.0,0.0
2024-05-19 10:15:05,510.0,2.0
2024-05-19 10:15:00,510.0,2.0
2024-05-19 10:14:55,510.0,0.0
2024-05-19 10:14:50,510.0,0.0
2024-05-19 10:14:45,510.0,5.0
2024-05-19 10:14:40,509.0,0.0
2024-05-19 10:14:35,509.0,6.0
2024-05-19 10:14:30,509.0,4.0
2024-05-19 10:14:25,509.0,2.0
2024-05-19 10:14:20,509.0,2.0
2024-05-19 10:14:15,509.0,0.0
2024-05-19 10:14:10,509.0,2.0
2024-05-19 10:14:05,510.0,0.0
2024-05-19 10:14:00,510.0,0.0
2024-05-19 10:13:55,510.0,0.0
2024-05-19 10:13:50,510.0,2.0
2024-05-19 10:13:45,510.0,0.0
2024-05-19 10:13:40,510.0,0.0
2024-05-19 10:13:35,510.0,0.0
2024-05-19 10:13:30,510.0,2.0
2024-05-19 10:13:25,508.0,0.0
2024-05-19 10:13:20,508.0,1.0
2024-05-19 10:13:15,509.0,1.0
2024-05-19 10:13:10,509.0,2.0
2024-05-19 10:13:05,509.0,1.0
2024-05-19 10:13:00,509.0,0.0
2024-05-19 10:12:55,509.0,0.0
2024-05-19 10:12:50,509.0,2.0
2024-05-19 10:12:45,509.0,0.0
2024-05-19 10:12:40,509.0,0.0
2024-05-19 10:12:35,509.0,0.0
2024-05-19 10:12:30,509.0,3.0
2024-05-19 10:12:25,509.0,0.0
2024-05-19 10:12:20,509.0,0.0
2024-05-19 10:12:15,509.0,0.0
2024-05-19 10:12:10,509.0,3.0
2024-05-19 10:12:05,509.0,1.0
2024-05-19 10:12:00,509.0,0.0
2024-05-19 10:11:55,509.0,3.0
2024-05-19 10:11:50,509.0,0.0
2024-05-19 10:11:45,509.0,0.0
2024-05-19 10:11:40,509.0,0.0
2024-05-19 10:11:35,509.0,2.0
2024-05-19 10:11:30,508.0,0.0
2024-05-19 10:11:25,508.0,0.0
2024-05-19 10:11:20,508.0,0.0
2024-05-19 10:11:15,508.0,4.0
2024-05-19 10:11:10,510.0,0.0
2024-05-19 10:11:05,510.0,0.0
2024-05-19 10:11:00,510.0,1.0
2024-05-19 10:10:55,510.0,2.0
2024-05-19 10:10:50,510.0,0.0
2024-05-19 10:10:45,510.0,0.0
2024-05-19 10:10:40,510.0,0.0
2024-05-19 10:10:35,510.0,2.0
2024-05-19 10:10:30,510.0,0.0
2024-05-19 10:10:25,510.0,0.0
2024-05-19 10:10:20,510.0,0.0
2024-05-19 10:10:15,510.0,2.0
2024-05-19 10:10:10,510.0,0.0
2024-05-19 10:10:05,510.0,0.0
2024-05-19 10:10:00,510.0,7.0
2024-05-19 10:09:55,510.0,2.0
2024-05-19 10:09:50,509.0,1.0
2024-05-19 10:09:45,510.0,1.0
2024-05-19 10:09:40,509.0,2.0
2024-05-19 10:09:35,509.0,2.0
2024-05-19 10:09:30,509.0,5.0
2024-05-19 10:09:25,509.0,1.0
2024-05-19 10:09:20,509.0,2.0
2024-05-19 10:09:15,509.0,0.0
2024-05-19 10:09:10,509.0,0.0
2024-05-19 10:09:05,509.0,0.0
2024-05-19 10:09:00,509.0,2.0
2024-05-19 10:08:55,509.0,2.0
2024-05-19 10:08:50,509.0,1.0
2024-05-19 10:08:45,509.0,0.0
2024-05-19 10:08:40,509.0,2.0
2024-05-19 10:08:35,509.0,0.0
2024-05-19 10:08:30,509.0,0.0
2024-05-19 10:08:25,509.0,0.0
2024-05-19 10:08:20,509.0,2.0
2024-05-19 10:08:15,509.0,0.0
2024-05-19 10:08:10,509.0,0.0
2024-05-19 10:08:05,509.0,0.0
2024-05-19 10:08:00,509.0,2.0
2024-05-19 10:07:55,509.0,0.0
2024-05-19 10:07:50,509.0,1.0
2024-05-19 10:07:45,509.0,0.0
2024-05-19 10:07:40,509.0,2.0
2024-05-19 10:07:35,508.0,0.0
2024-05-19 10:07:30,508.0,2.0
2024-05-19 10:07:25,509.0,2.0
2024-05-19 10:07:20,509.0,0.0
2024-05-19 10:07:15,509.0,0.0
2024-05-19 10:07:10,509.0,0.0
2024-05-19 10:07:05,509.0,2.0
2024-05-19 10:07:00,509.0,2.0
2024-05-19 10:06:55,509.0,0.0
2024-05-19 10:06:50,509.0,0.0
2024-05-19 10:06:45,509.0,2.0
2024-05-19 10:06:40,508.0,1.0
2024-05-19 10:06:35,509.0,0.0
2024-05-19 10:06:30,509.0,3.0
2024-05-19 10:06:25,509.0,3.0
2024-05-19 10:06:20,510.0,0.0
2024-05-19 10:06:15,510.0,0.0
2024-05-19 10:06:10,510.0,0.0
2024-05-19 10:06:05,510.0,2.0
2024-05-19 10:06:00,510.0,1.0
2024-05-19 10:05:55,509.0,0.0
2024-05-19 10:05:50,509.0,1.0
2024-05-19 10:05:45,509.0,2.0
2024-05-19 10:05:40,509.0,1.0
2024-05-19 10:05:35,509.0,0.0
2024-05-19 10:05:30,509.0,0.0
2024-05-19 10:05:25,509.0,2.0
2024-05-19 10:05:20,509.0,1.0
2024-05-19 10:05:15,509.0,0.0
2024-05-19 10:05:10,509.0,0.0
2024-05-19 10:05:05,509.0,2.0
2024-05-19 10:05:00,509.0,1.0
2024-05-19 10:04:55,509.0,0.0
2024-05-19 10:04:50,509.0,2.0
2024-05-19 10:04:45,509.0,0.0
2024-05-19 10:04:40,509.0,0.0
2024-05-19 10:04:35,509.0,1.0
2024-05-19 10:04:30,509.0,2.0
2024-05-19 10:04:25,508.0,0.0
2024-05-19 10:04:20,508.0,0.0
2024-05-19 10:04:15,508.0,1.0
2024-05-19 10:04:10,509.0,2.0
2024-05-19 10:04:05,509.0,7.0
2024-05-19 10:04:00,509.0,1.0
2024-05-19 10:03:55,509.0,0.0
2024-05-19 10:03:50,509.0,3.0
2024-05-19 10:03:45,509.0,4.0
2024-05-19 10:03:40,508.0,0.0
2024-05-19 10:03:35,508.0,1.0
2024-05-19 10:03:30,509.0,2.0
2024-05-19 10:03:25,508.0,0.0
2024-05-19 10:03:20,508.0,0.0
2024-05-19 10:03:15,508.0,1.0
2024-05-19 10:03:10,509.0,3.0
2024-05-19 10:03:05,509.0,3.0
2024-05-19 10:03:00,509.0,0.0
2024-05-19 10:02:55,509.0,5.0
2024-05-19 10:02:50,509.0,2.0
2024-05-19 10:02:45,509.0,0.0
2024-05-19 10:02:40,509.0,0.0
2024-05-19 10:02:35,509.0,5.0
2024-05-19 10:02:30,509.0,0.0
2024-05-19 10:02:25,509.0,0.0
2024-05-19 10:02:20,509.0,0.0
2024-05-19 10:02:15,509.0,2.0
2024-05-19 10:02:10,508.0,0.0
2024-05-19 10:02:05,508.0,0.0
2024-05-19 10:02:00,508.0,4.0
2024-05-19 10:01:55,509.0,3.0
2024-05-19 10:01:50,509.0,0.0
2024-05-19 10:01:45,509.0,2.0
2024-05-19 10:01:40,509.0,0.0
2024-05-19 10:01:35,509.0,5.0
2024-05-19 10:01:30,509.0,2.0
2024-05-19 10:01:25,509.0,0.0
2024-05-19 10:01:20,509.0,0.0
2024-05-19 10:01:15,509.0,2.0
2024-05-19 10:01:10,509.0,0.0
2024-05-19 10:01:05,509.0,1.0
2024-05-19 10:01:00,509.0,0.0
2024-05-19 10:00:55,509.0,2.0
2024-05-19 10:00:50,509.0,0.0
2024-05-19 10:00:45,509.0,0.0
2024-05-19 10:00:40,509.0,0.0
2024-05-19 10:00:35,509.0,2.0
2024-05-19 10:00:30,509.0,0.0
2024-05-19 10:00:25,509.0,0.0
2024-05-19 10:00:20,509.0,0.0
2024-05-19 10:00:15,509.0,3.0
2024-05-19 10:00:10,509.0,2.0
2024-05-19 10:00:05,509.0,1.0
2024-05-19 10:00:00,509.0,3.0
2024-05-19 09:59:55,509.0,3.0
2024-05-19 09:59:50,509.0,1.0
2024-05-19 09:59:45,510.0,0.0
2024-05-19 09:59:40,510.0,2.0
2024-05-19 09:59:35,510.0,0.0
2024-05-19 09:59:30,510.0,0.0
2024-05-19 09:59:25,510.0,0.0
2024-05-19 09:59:20,510.0,2.0
2024-05-19 09:59:15,510.0,1.0
2024-05-19 09:59:10,510.0,0.0
2024-05-19 09:59:05,510.0,0.0
2024-05-19 09:59:00,510.0,3.0
2024-05-19 09:58:55,509.0,0.0
2024-05-19 09:58:50,509.0,0.0
2024-05-19 09:58:45,509.0,0.0
2024-05-19 09:58:40,509.0,2.0
2024-05-19 09:58:35,509.0,0.0
2024-05-19 09:58:30,509.0,1.0
2024-05-19 09:58:25,509.0,0.0
2024-05-19 09:58:20,509.0,2.0
2024-05-19 09:58:15,509.0,1.0
2024-05-19 09:58:10,509.0,0.0
2024-05-19 09:58:05,509.0,2.0
2024-05-19 09:58:00,509.0,1.0
2024-05-19 09:57:55,509.0,4.0
2024-05-19 09:57:50,509.0,0.0
2024-05-19 09:57:45,509.0,6.0
2024-05-19 09:57:40,508.0,0.0
2024-05-19 09:57:35,508.0,0.0
2024-05-19 09:57:30,508.0,0.0
2024-05-19 09:57:25,508.0,0.0
2024-05-19 09:57:20,508.0,0.0
2024-05-19 09:57:15,508.0,5.0
2024-05-19 09:57:10,509.0,0.0
2024-05-19 09:57:05,509.0,17.0
2024-05-19 09:57:00,510.0,0.0
2024-05-19 09:56:55,510.0,0.0
2024-05-19 09:56:50,510.0,0.0
2024-05-19 09:56:45,510.0,0.0
2024-05-19 09:56:40,510.0,0.0
2024-05-19 09:56:35,510.0,11.0
2024-05-19 09:56:30,509.0,1.0
2024-05-19 09:56:25,511.0,0.0
2024-05-19 09:56:20,511.0,0.0
2024-05-19 09:56:15,511.0,3.0
2024-05-19 09:56:10,510.0,0.0
2024-05-19 09:56:05,510.0,2.0
2024-05-19 09:56:00,511.0,0.0
2024-05-19 09:55:55,511.0,0.0
2024-05-19 09:55:50,511.0,0.0
2024-05-19 09:55:45,511.0,2.0
2024-05-19 09:55:40,510.0,0.0
2024-05-19 09:55:35,510.0,0.0
2024-05-19 09:55:30,510.0,14.0
2024-05-19 09:55:25,510.0,0.0
2024-05-19 09:55:20,510.0,0.0
2024-05-19 09:55:15,510.0,5.0
2024-05-19 09:55:10,511.0,2.0
2024-05-19 09:55:05,511.0,0.0
2024-05-19 09:55:00,511.0,12.0
2024-05-19 09:54:55,510.0,0.0
2024-05-19 09:54:50,510.0,3.0
2024-05-19 09:54:45,510.0,16.0
2024-05-19 09:54:40,511.0,27.0
2024-05-19 09:54:35,510.0,4.0
2024-05-19 09:54:30,510.0,40.0
2024-05-19 09:54:25,510.0,4.0
2024-05-19 09:54:20,509.0,1.0
2024-05-19 09:54:15,509.0,1.0
2024-05-19 09:54:10,509.0,11.0
2024-05-19 09:54:05,509.0,0.0
2024-05-19 09:54:00,509.0,5.0
2024-05-19 09:53:55,509.0,4.0
2024-05-19 09:53:50,509.0,2.0
2024-05-19 09:53:45,508.0,6.0
2024-05-19 09:53:40,508.0,0.0
2024-05-19 09:53:35,508.0,9.0
2024-05-19 09:53:30,508.0,2.0
2024-05-19 09:53:25,508.0,0.0
2024-05-19 09:53:20,508.0,0.0
2024-05-19 09:53:15,508.0,1.0
2024-05-19 09:53:10,508.0,3.0
2024-05-19 09:53:05,508.0,0.0
2024-05-19 09:53:00,508.0,0.0
2024-05-19 09:52:55,508.0,2.0
2024-05-19 09:52:50,507.0,0.0
2024-05-19 09:52:45,507.0,1.0
2024-05-19 09:52:40,508.0,0.0
2024-05-19 09:52:35,508.0,3.0
2024-05-19 09:52:30,507.0,1.0
2024-05-19 09:52:25,508.0,0.0
2024-05-19 09:52:20,508.0,2.0
2024-05-19 09:52:15,507.0,3.0
2024-05-19 09:52:10,507.0,36.0
2024-05-19 09:52:05,507.0,0.0
2024-05-19 09:52:00,507.0,0.0
2024-05-19 09:51:55,507.0,3.0
2024-05-19 09:51:50,507.0,0.0
2024-05-19 09:51:45,507.0,0.0
2024-05-19 09:51:40,507.0,0.0
2024-05-19 09:51:35,507.0,2.0
2024-05-19 09:51:30,507.0,0.0
2024-05-19 09:51:25,507.0,0.0
2024-05-19 09:51:20,507.0,0.0
2024-05-19 09:51:15,507.0,2.0
2024-05-19 09:51:10,506.0,94.0
2024-05-19 09:51:05,508.0,1.0
2024-05-19 09:51:00,508.0,0.0
2024-05-19 09:50:55,508.0,2.0
2024-05-19 09:50:50,508.0,0.0
2024-05-19 09:50:45,508.0,1.0
2024-05-19 09:50:40,508.0,2.0
2024-05-19 09:50:35,508.0,0.0
2024-05-19 09:50:30,508.0,0.0
2024-05-19 09:50:25,508.0,0.0
2024-05-19 09:50:20,508.0,2.0
2024-05-19 09:50:15,508.0,0.0
2024-05-19 09:50:10,508.0,0.0
2024-05-19 09:50:05,508.0,0.0
2024-05-19 09:50:00,508.0,2.0
2024-05-19 09:49:55,507.0,0.0
2024-05-19 09:49:50,507.0,6.0
2024-05-19 09:49:45,508.0,4.0
2024-05-19 09:49:40,509.0,2.0
2024-05-19 09:49:35,509.0,0.0
2024-05-19 09:49:30,509.0,0.0
2024-05-19 09:49:25,509.0,0.0
2024-05-19 09:49:20,509.0,2.0
2024-05-19 09:49:15,509.0,0.0
2024-05-19 09:49:10,509.0,0.0
2024-05-19 09:49:05,509.0,0.0
2024-05-19 09:49:00,509.0,4.0
2024-05-19 09:48:55,507.0,0.0
2024-05-19 09:48:50,507.0,0.0
2024-05-19 09:48:45,507.0,5.0
2024-05-19 09:48:40,508.0,0.0
2024-05-19 09:48:35,508.0,0.0
2024-05-19 09:48:30,508.0,0.0
2024-05-19 09:48:25,508.0,0.0
2024-05-19 09:48:20,508.0,0.0
2024-05-19 09:48:15,508.0,1.0
2024-05-19 09:48:10,508.0,0.0
2024-05-19 09:48:05,508.0,4.0
2024-05-19 09:48:00,509.0,0.0
2024-05-19 09:47:55,509.0,0.0
2024-05-19 09:47:50,509.0,0.0
2024-05-19 09:47:45,509.0,2.0
2024-05-19 09:47:40,509.0,0.0
2024-05-19 09:47:35,509.0,1.0
2024-05-19 09:47:30,509.0,0.0
2024-05-19 09:47:25,509.0,2.0
2024-05-19 09:47:20,508.0,0.0
2024-05-19 09:47:15,508.0,1.0
2024-05-19 09:47:10,509.0,0.0
2024-05-19 09:47:05,509.0,2.0
2024-05-19 09:47:00,509.0,2.0
2024-05-19 09:46:55,509.0,0.0
2024-05-19 09:46:50,509.0,0.0
2024-05-19 09:46:45,509.0,2.0
2024-05-19 09:46:40,508.0,0.0
2024-05-19 09:46:35,508.0,0.0
2024-05-19 09:46:30,508.0,2.0
2024-05-19 09:46:25,508.0,10.0
2024-05-19 09:46:20,508.0,0.0
2024-05-19 09:46:15,508.0,0.0
2024-05-19 09:46:10,508.0,3.0
2024-05-19 09:46:05,508.0,0.0
2024-05-19 09:46:00,508.0,0.0
2024-05-19 09:45:55,508.0,0.0
2024-05-19 09:45:50,508.0,3.0
2024-05-19 09:45:45,508.0,0.0
2024-05-19 09:45:40,508.0,0.0
2024-05-19 09:45:35,508.0,0.0
2024-05-19 09:45:30,508.0,3.0
2024-05-19 09:45:25,508.0,0.0
2024-05-19 09:45:20,508.0,0.0
2024-05-19 09:45:15,508.0,0.0
2024-05-19 09:45:10,508.0,2.0
2024-05-19 09:45:05,507.0,0.0
2024-05-19 09:45:00,507.0,1.0
2024-05-19 09:44:55,508.0,1.0
2024-05-19 09:44:50,508.0,2.0
2024-05-19 09:44:45,508.0,0.0
2024-05-19 09:44:40,508.0,10.0
2024-05-19 09:44:35,508.0,1.0
2024-05-19 09:44:30,509.0,2.0
2024-05-19 09:44:25,509.0,0.0
2024-05-19 09:44:20,509.0,0.0
2024-05-19 09:44:15,509.0,0.0
2024-05-19 09:44:10,509.0,3.0
2024-05-19 09:44:05,509.0,0.0
2024-05-19 09:44:00,509.0,0.0
2024-05-19 09:43:55,509.0,0.0
2024-05-19 09:43:50,509.0,2.0
2024-05-19 09:43:45,509.0,0.0
2024-05-19 09:43:40,509.0,0.0
2024-05-19 09:43:35,509.0,2.0
2024-05-19 09:43:30,509.0,0.0
2024-05-19 09:43:25,509.0,0.0
2024-05-19 09:43:20,509.0,0.0
2024-05-19 09:43:15,509.0,2.0
2024-05-19 09:43:10,508.0,1.0
2024-05-19 09:43:05,509.0,2.0
2024-05-19 09:43:00,509.0,0.0
2024-05-19 09:42:55,509.0,2.0
2024-05-19 09:42:50,509.0,2.0
2024-05-19 09:42:45,509.0,10.0
2024-05-19 09:42:40,508.0,2.0
2024-05-19 09:42:35,509.0,2.0
2024-05-19 09:42:30,508.0,0.0
2024-05-19 09:42:25,508.0,0.0
2024-05-19 09:42:20,508.0,1.0
2024-05-19 09:42:15,509.0,2.0
2024-05-19 09:42:10,509.0,0.0
2024-05-19 09:42:05,509.0,0.0
2024-05-19 09:42:00,509.0,0.0
2024-05-19 09:41:55,509.0,3.0
2024-05-19 09:41:50,509.0,2.0
2024-05-19 09:41:45,509.0,0.0
2024-05-19 09:41:40,509.0,0.0
2024-05-19 09:41:35,509.0,2.0
2024-05-19 09:41:30,508.0,0.0
2024-05-19 09:41:25,508.0,2.0
2024-05-19 09:41:20,509.0,2.0
2024-05-19 09:41:15,508.0,1.0
2024-05-19 09:41:10,509.0,2.0
2024-05-19 09:41:05,509.0,0.0
2024-05-19 09:41:00,509.0,2.0
2024-05-19 09:40:55,508.0,1.0
2024-05-19 09:40:50,508.0,0.0
2024-05-19 09:40:45,508.0,6.0
2024-05-19 09:40:40,510.0,2.0
2024-05-19 09:40:35,509.0,0.0
2024-05-19 09:40:30,509.0,1.0
2024-05-19 09:40:25,510.0,0.0
2024-05-19 09:40:20,510.0,2.0
2024-05-19 09:40:15,509.0,0.0
2024-05-19 09:40:10,509.0,0.0
2024-05-19 09:40:05,509.0,0.0
2024-05-19 09:40:00,509.0,4.0
2024-05-19 09:39:55,509.0,1.0
2024-05-19 09:39:50,509.0,1.0
2024-05-19 09:39:45,509.0,2.0
2024-05-19 09:39:40,509.0,8.0
2024-05-19 09:39:35,509.0,1.0
2024-05-19 09:39:30,509.0,3.0
2024-05-19 09:39:25,509.0,1.0
2024-05-19 09:39:20,509.0,3.0
2024-05-19 09:39:15,509.0,0.0
2024-05-19 09:39:10,509.0,0.0
2024-05-19 09:39:05,509.0,2.0
2024-05-19 09:39:00,509.0,0.0
2024-05-19 09:38:55,509.0,0.0
2024-05-19 09:38:50,509.0,0.0
2024-05-19 09:38:45,509.0,2.0
2024-05-19 09:38:40,509.0,1.0
2024-05-19 09:38:35,509.0,1.0
2024-05-19 09:38:30,509.0,0.0
2024-05-19 09:38:25,509.0,6.0
2024-05-19 09:38:20,509.0,0.0
2024-05-19 09:38:15,509.0,1.0
2024-05-19 09:38:10,509.0,0.0
2024-05-19 09:38:05,509.0,2.0
2024-05-19 09:38:00,509.0,1.0
2024-05-19 09:37:55,508.0,1.0
2024-05-19 09:37:50,509.0,0.0
2024-05-19 09:37:45,509.0,2.0
2024-05-19 09:37:40,508.0,0.0
2024-05-19 09:37:35,508.0,0.0
2024-05-19 09:37:30,508.0,43.0
2024-05-19 09:37:25,508.0,2.0
2024-05-19 09:37:20,508.0,0.0
2024-05-19 09:37:15,508.0,0.0
2024-05-19 09:37:10,508.0,0.0
2024-05-19 09:37:05,508.0,2.0
2024-05-19 09:37:00,508.0,0.0
2024-05-19 09:36:55,508.0,0.0
2024-05-19 09:36:50,508.0,2.0
2024-05-19 09:36:45,508.0,2.0
2024-05-19 09:36:40,508.0,0.0
2024-05-19 09:36:35,508.0,0.0
2024-05-19 09:36:30,508.0,3.0
2024-05-19 09:36:25,507.0,0.0
2024-05-19 09:36:20,507.0,1.0
2024-05-19 09:36:15,508.0,0.0
2024-05-19 09:36:10,508.0,2.0
2024-05-19 09:36:05,508.0,0.0
2024-05-19 09:36:00,508.0,0.0
2024-05-19 09:35:55,508.0,0.0
2024-05-19 09:35:50,508.0,2.0
2024-05-19 09:35:45,507.0,1.0
2024-05-19 09:35:40,508.0,0.0
2024-05-19 09:35:35,508.0,0.0
2024-05-19 09:35:30,508.0,2.0
2024-05-19 09:35:25,508.0,0.0
2024-05-19 09:35:20,508.0,0.0
2024-05-19 09:35:15,508.0,0.0
2024-05-19 09:35:10,508.0,3.0
2024-05-19 09:35:05,508.0,0.0
2024-05-19 09:35:00,508.0,0.0
2024-05-19 09:34:55,508.0,0.0
2024-05-19 09:34:50,508.0,2.0
2024-05-19 09:34:45,508.0,0.0
2024-05-19 09:34:40,508.0,1.0
2024-05-19 09:34:35,508.0,0.0
2024-05-19 09:34:30,508.0,7.0
2024-05-19 09:34:25,508.0,0.0
2024-05-19 09:34:20,508.0,0.0
2024-05-19 09:34:15,508.0,7.0
2024-05-19 09:34:10,507.0,0.0
2024-05-19 09:34:05,507.0,1.0
2024-05-19 09:34:00,508.0,1.0
2024-05-19 09:33:55,508.0,2.0
2024-05-19 09:33:50,507.0,0.0
2024-05-19 09:33:45,507.0,1.0
2024-05-19 09:33:40,507.0,0.0
2024-05-19 09:33:35,507.0,3.0
2024-05-19 09:33:30,508.0,0.0
2024-05-19 09:33:25,508.0,0.0
2024-05-19 09:33:20,508.0,0.0
2024-05-19 09:33:15,508.0,2.0
2024-05-19 09:33:10,508.0,1.0
2024-05-19 09:33:05,506.0,0.0
2024-05-19 09:33:00,506.0,1.0
2024-05-19 09:32:55,508.0,2.0
2024-05-19 09:32:50,508.0,4.0
2024-05-19 09:32:45,507.0,2.0
2024-05-19 09:32:40,507.0,1.0
2024-05-19 09:32:35,507.0,2.0
2024-05-19 09:32:30,507.0,1.0
2024-05-19 09:32:25,507.0,0.0
2024-05-19 09:32:20,507.0,12.0
2024-05-19 09:32:15,507.0,2.0
2024-05-19 09:32:10,507.0,0.0
2024-05-19 09:32:05,507.0,2.0
2024-05-19 09:32:00,508.0,2.0
2024-05-19 09:31:55,508.0,0.0
2024-05-19 09:31:50,508.0,0.0
2024-05-19 09:31:45,508.0,0.0
2024-05-19 09:31:40,508.0,2.0
2024-05-19 09:31:35,507.0,0.0
2024-05-19 09:31:30,507.0,1.0
2024-05-19 09:31:25,507.0,2.0
2024-05-19 09:31:20,508.0,2.0
2024-05-19 09:31:15,508.0,0.0
2024-05-19 09:31:10,508.0,5.0
2024-05-19 09:31:05,508.0,0.0
2024-05-19 09:31:00,508.0,2.0
2024-05-19 09:30:55,508.0,0.0
2024-05-19 09:30:50,508.0,0.0
2024-05-19 09:30:45,508.0,0.0
2024-05-19 09:30:40,508.0,2.0
2024-05-19 09:30:35,508.0,0.0
2024-05-19 09:30:30,508.0,0.0
2024-05-19 09:30:25,508.0,0.0
2024-05-19 09:30:20,508.0,2.0
2024-05-19 09:30:15,507.0,3.0
2024-05-19 09:30:10,507.0,0.0
2024-05-19 09:30:05,507.0,1.0
2024-05-19 09:30:00,507.0,15.0
2024-05-19 09:29:55,508.0,7.0
2024-05-19 09:29:50,508.0,2.0
2024-05-19 09:29:45,508.0,3.0
2024-05-19 09:29:40,508.0,1.0
2024-05-19 09:29:35,508.0,1.0
2024-05-19 09:29:30,508.0,0.0
2024-05-19 09:29:25,508.0,3.0
2024-05-19 09:29:20,508.0,1.0
2024-05-19 09:29:15,509.0,1.0
2024-05-19 09:29:10,509.0,1.0
2024-05-19 09:29:05,509.0,2.0
2024-05-19 09:29:00,509.0,0.0
2024-05-19 09:28:55,509.0,1.0
2024-05-19 09:28:50,509.0,0.0
2024-05-19 09:28:45,509.0,2.0
2024-05-19 09:28:40,509.0,2.0
2024-05-19 09:28:35,509.0,1.0
2024-05-19 09:28:30,509.0,0.0
2024-05-19 09:28:25,509.0,2.0
2024-05-19 09:28:20,509.0,1.0
2024-05-19 09:28:15,509.0,1.0
2024-05-19 09:28:10,509.0,2.0
2024-05-19 09:28:05,509.0,2.0
2024-05-19 09:28:00,509.0,0.0
2024-05-19 09:27:55,509.0,0.0
2024-05-19 09:27:50,509.0,0.0
2024-05-19 09:27:45,509.0,2.0
2024-05-19 09:27:40,509.0,0.0
2024-05-19 09:27:35,509.0,3.0
2024-05-19 09:27:30,509.0,2.0
2024-05-19 09:27:25,508.0,0.0
2024-05-19 09:27:20,508.0,3.0
2024-05-19 09:27:15,508.0,5.0
2024-05-19 09:27:10,508.0,3.0
2024-05-19 09:27:05,509.0,1.0
2024-05-19 09:27:00,509.0,0.0
2024-05-19 09:26:55,509.0,4.0
2024-05-19 09:26:50,509.0,3.0
2024-05-19 09:26:45,509.0,1.0
2024-05-19 09:26:40,508.0,0.0
2024-05-19 09:26:35,508.0,0.0
2024-05-19 09:26:30,508.0,3.0
2024-05-19 09:26:25,508.0,0.0
2024-05-19 09:26:20,508.0,3.0
2024-05-19 09:26:15,508.0,2.0
2024-05-19 09:26:10,509.0,2.0
2024-05-19 09:26:05,509.0,0.0
2024-05-19 09:26:00,509.0,25.0
2024-05-19 09:25:55,508.0,0.0
2024-05-19 09:25:50,508.0,3.0
2024-05-19 09:25:45,507.0,0.0
2024-05-19 09:25:40,507.0,2.0
2024-05-19 09:25:35,508.0,0.0
2024-05-19 09:25:30,508.0,2.0
2024-05-19 09:25:25,508.0,0.0
2024-05-19 09:25:20,508.0,0.0
2024-05-19 09:25:15,508.0,0.0
2024-05-19 09:25:10,508.0,3.0
2024-05-19 09:25:05,508.0,2.0
2024-05-19 09:25:00,508.0,1.0
2024-05-19 09:24:55,508.0,3.0
2024-05-19 09:24:50,508.0,2.0
2024-05-19 09:24:45,509.0,0.0
2024-05-19 09:24:40,509.0,1.0
2024-05-19 09:24:35,509.0,3.0
2024-05-19 09:24:30,509.0,1.0
2024-05-19 09:24:25,509.0,0.0
2024-05-19 09:24:20,509.0,0.0
2024-05-19 09:24:15,509.0,2.0
2024-05-19 09:24:10,508.0,1.0
2024-05-19 09:24:05,508.0,1.0
2024-05-19 09:24:00,508.0,12.0
2024-05-19 09:23:55,509.0,5.0
2024-05-19 09:23:50,509.0,5.0
2024-05-19 09:23:45,508.0,36.0
2024-05-19 09:23:40,508.0,1.0
2024-05-19 09:23:35,508.0,17.0
2024-05-19 09:23:30,507.0,6.0
2024-05-19 09:23:25,507.0,0.0
2024-05-19 09:23:20,507.0,12.0
2024-05-19 09:23:15,506.0,5.0
2024-05-19 09:23:10,506.0,1.0
2024-05-19 09:23:05,506.0,0.0
2024-05-19 09:23:00,506.0,0.0
2024-05-19 09:22:55,506.0,3.0
2024-05-19 09:22:50,505.0,1.0
2024-05-19 09:22:45,506.0,0.0
2024-05-19 09:22:40,506.0,0.0
2024-05-19 09:22:35,506.0,2.0
2024-05-19 09:22:30,505.0,1.0
2024-05-19 09:22:25,506.0,0.0
2024-05-19 09:22:20,506.0,3.0
2024-05-19 09:22:15,506.0,0.0
2024-05-19 09:22:10,506.0,1.0
2024-05-19 09:22:05,506.0,1.0
2024-05-19 09:22:00,506.0,7.0
2024-05-19 09:21:55,506.0,0.0
2024-05-19 09:21:50,506.0,0.0
2024-05-19 09:21:45,506.0,0.0
2024-05-19 09:21:40,506.0,4.0
2024-05-19 09:21:35,506.0,0.0
2024-05-19 09:21:30,506.0,1.0
2024-05-19 09:21:25,506.0,0.0
2024-05-19 09:21:20,506.0,2.0
2024-05-19 09:21:15,505.0,1.0
2024-05-19 09:21:10,505.0,0.0
2024-05-19 09:21:05,505.0,11.0
2024-05-19 09:21:00,505.0,3.0
2024-05-19 09:20:55,505.0,0.0
2024-05-19 09:20:50,505.0,2.0
2024-05-19 09:20:45,504.0,0.0
2024-05-19 09:20:40,504.0,1.0
2024-05-19 09:20:35,504.0,0.0
2024-05-19 09:20:30,504.0,7.0
2024-05-19 09:20:25,504.0,0.0
2024-05-19 09:20:20,504.0,0.0
2024-05-19 09:20:15,504.0,0.0
2024-05-19 09:20:10,504.0,0.0
2024-05-19 09:20:05,504.0,3.0
2024-05-19 09:20:00,504.0,2.0
2024-05-19 09:19:55,504.0,1.0
2024-05-19 09:19:50,503.0,0.0
2024-05-19 09:19:45,503.0,0.0
2024-05-19 09:19:40,503.0,0.0
2024-05-19 09:19:35,503.0,1.0
2024-05-19 09:19:30,504.0,0.0
2024-05-19 09:19:25,504.0,0.0
2024-05-19 09:19:20,504.0,1.0
2024-05-19 09:19:15,504.0,0.0
2024-05-19 09:19:10,504.0,0.0
2024-05-19 09:19:05,504.0,2.0
2024-05-19 09:19:00,503.0,8.0
2024-05-19 09:18:55,505.0,0.0
2024-05-19 09:18:50,505.0,0.0
2024-05-19 09:18:45,505.0,8.0
2024-05-19 09:18:40,503.0,28.0
2024-05-19 09:18:35,503.0,5.0
2024-05-19 09:18:30,503.0,6.0
2024-05-19 09:18:25,503.0,4.0
2024-05-19 09:18:20,504.0,6.0
2024-05-19 09:18:15,503.0,1.0
2024-05-19 09:18:10,503.0,0.0
2024-05-19 09:18:05,503.0,0.0
2024-05-19 09:18:00,503.0,0.0
2024-05-19 09:17:55,503.0,0.0
2024-05-19 09:17:50,503.0,9.0
2024-05-19 09:17:45,502.0,28.0
2024-05-19 09:17:40,503.0,3.0
2024-05-19 09:17:35,504.0,1.0
2024-05-19 09:17:30,504.0,0.0
2024-05-19 09:17:25,504.0,2.0
2024-05-19 09:17:20,503.0,1.0
2024-05-19 09:17:15,504.0,2.0
2024-05-19 09:17:10,503.0,18.0
2024-05-19 09:17:05,504.0,1.0
2024-05-19 09:17:00,503.0,0.0
2024-05-19 09:16:55,503.0,2.0
2024-05-19 09:16:50,503.0,3.0
2024-05-19 09:16:45,503.0,0.0
2024-05-19 09:16:40,503.0,0.0
2024-05-19 09:16:35,503.0,0.0
2024-05-19 09:16:30,503.0,1.0
2024-05-19 09:16:25,503.0,1.0
2024-05-19 09:16:20,503.0,2.0
2024-05-19 09:16:15,503.0,1.0
2024-05-19 09:16:10,504.0,1.0
2024-05-19 09:16:05,504.0,0.0
2024-05-19 09:16:00,504.0,3.0
2024-05-19 09:15:55,503.0,0.0
2024-05-19 09:15:50,503.0,19.0
2024-05-19 09:15:45,503.0,0.0
2024-05-19 09:15:40,503.0,0.0
2024-05-19 09:15:35,503.0,0.0
2024-05-19 09:15:30,503.0,0.0
2024-05-19 09:15:25,503.0,1.0
2024-05-19 09:15:20,503.0,0.0
2024-05-19 09:15:15,503.0,0.0
2024-05-19 09:15:10,503.0,1.0
2024-05-19 09:15:05,504.0,0.0
2024-05-19 09:15:00,504.0,9.0
2024-05-19 09:14:55,504.0,1.0
2024-05-19 09:14:50,504.0,0.0
2024-05-19 09:14:45,504.0,0.0
2024-05-19 09:14:40,504.0,0.0
2024-05-19 09:14:35,504.0,19.0
2024-05-19 09:14:30,504.0,0.0
2024-05-19 09:14:25,504.0,36.0
2024-05-19 09:14:20,504.0,1.0
2024-05-19 09:14:15,503.0,3.0
2024-05-19 09:14:10,504.0,3.0
2024-05-19 09:14:05,503.0,0.0
2024-05-19 09:14:00,503.0,2.0
2024-05-19 09:13:55,504.0,2.0
2024-05-19 09:13:50,504.0,0.0
2024-05-19 09:13:45,504.0,1.0
2024-05-19 09:13:40,503.0,0.0
2024-05-19 09:13:35,503.0,0.0
2024-05-19 09:13:30,503.0,1.0
2024-05-19 09:13:25,504.0,1.0
2024-05-19 09:13:20,503.0,0.0
2024-05-19 09:13:15,503.0,0.0
2024-05-19 09:13:10,503.0,1.0
2024-05-19 09:13:05,503.0,1.0
2024-05-19 09:13:00,503.0,1.0
2024-05-19 09:12:55,504.0,1.0
2024-05-19 09:12:50,504.0,26.0
2024-05-19 09:12:45,505.0,36.0
2024-05-19 09:12:40,505.0,1.0
2024-05-19 09:12:35,505.0,0.0
2024-05-19 09:12:30,505.0,2.0
2024-05-19 09:12:25,505.0,12.0
2024-05-19 09:12:20,505.0,0.0
2024-05-19 09:12:15,505.0,0.0
2024-05-19 09:12:10,505.0,0.0
2024-05-19 09:12:05,505.0,1.0
2024-05-19 09:12:00,506.0,4.0
2024-05-19 09:11:55,506.0,4.0
2024-05-19 09:11:50,506.0,1.0
2024-05-19 09:11:45,506.0,5.0
2024-05-19 09:11:40,506.0,1.0
2024-05-19 09:11:35,506.0,0.0
2024-05-19 09:11:30,506.0,1.0
2024-05-19 09:11:25,506.0,2.0
2024-05-19 09:11:20,506.0,0.0
2024-05-19 09:11:15,506.0,4.0
2024-05-19 09:11:10,506.0,1.0
2024-05-19 09:11:05,506.0,1.0
2024-05-19 09:11:00,506.0,0.0
2024-05-19 09:10:55,506.0,2.0
2024-05-19 09:10:50,506.0,2.0
2024-05-19 09:10:45,506.0,3.0
2024-05-19 09:10:40,506.0,0.0
2024-05-19 09:10:35,506.0,0.0
2024-05-19 09:10:30,506.0,1.0
2024-05-19 09:10:25,506.0,0.0
2024-05-19 09:10:20,506.0,1.0
2024-05-19 09:10:15,506.0,1.0
2024-05-19 09:10:10,506.0,0.0
2024-05-19 09:10:05,506.0,0.0
2024-05-19 09:10:00,506.0,2.0
2024-05-19 09:09:55,505.0,5.0
2024-05-19 09:09:50,505.0,0.0
2024-05-19 09:09:45,505.0,0.0
2024-05-19 09:09:40,505.0,1.0
2024-05-19 09:09:35,505.0,0.0
2024-05-19 09:09:30,505.0,1.0
2024-05-19 09:09:25,506.0,1.0
2024-05-19 09:09:20,506.0,0.0
2024-05-19 09:09:15,506.0,1.0
2024-05-19 09:09:10,506.0,2.0
2024-05-19 09:09:05,505.0,2.0
2024-05-19 09:09:00,505.0,1.0
2024-05-19 09:08:55,505.0,7.0
2024-05-19 09:08:50,506.0,0.0
2024-05-19 09:08:45,506.0,34.0
2024-05-19 09:08:40,505.0,7.0
2024-05-19 09:08:35,505.0,6.0
2024-05-19 09:08:30,505.0,0.0
2024-05-19 09:08:25,505.0,2.0
2024-05-19 09:08:20,505.0,0.0
2024-05-19 09:08:15,505.0,0.0
2024-05-19 09:08:10,505.0,1.0
2024-05-19 09:08:05,504.0,3.0
2024-05-19 09:08:00,504.0,1.0
2024-05-19 09:07:55,504.0,1.0
2024-05-19 09:07:50,504.0,1.0
2024-05-19 09:07:45,505.0,1.0
2024-05-19 09:07:40,505.0,0.0
2024-05-19 09:07:35,505.0,0.0
2024-05-19 09:07:30,505.0,3.0
2024-05-19 09:07:25,504.0,2.0
2024-05-19 09:07:20,505.0,1.0
2024-05-19 09:07:15,504.0,6.0
2024-05-19 09:07:10,505.0,66.0
2024-05-19 09:07:05,506.0,2.0
2024-05-19 09:07:00,506.0,6.0
2024-05-19 09:06:55,506.0,1.0
2024-05-19 09:06:50,506.0,0.0
2024-05-19 09:06:45,506.0,0.0
2024-05-19 09:06:40,506.0,3.0
2024-05-19 09:06:35,506.0,0.0
2024-05-19 09:06:30,506.0,16.0
2024-05-19 09:06:25,507.0,0.0
2024-05-19 09:06:20,507.0,1.0
2024-05-19 09:06:15,507.0,0.0
2024-05-19 09:06:10,507.0,0.0
2024-05-19 09:06:05,507.0,2.0
2024-05-19 09:06:00,507.0,1.0
2024-05-19 09:05:55,508.0,0.0
2024-05-19 09:05:50,508.0,3.0
2024-05-19 09:05:45,507.0,6.0
2024-05-19 09:05:40,508.0,15.0
2024-05-19 09:05:35,508.0,2.0
2024-05-19 09:05:30,507.0,1.0
2024-05-19 09:05:25,507.0,1.0
2024-05-19 09:05:20,507.0,3.0
2024-05-19 09:05:15,507.0,0.0
2024-05-19 09:05:10,507.0,1.0
2024-05-19 09:05:05,507.0,0.0
2024-05-19 09:05:00,507.0,7.0
2024-05-19 09:04:55,507.0,0.0
2024-05-19 09:04:50,507.0,0.0
2024-05-19 09:04:45,507.0,1.0
2024-05-19 09:04:40,507.0,1.0
2024-05-19 09:04:35,507.0,2.0
2024-05-19 09:04:30,506.0,3.0
2024-05-19 09:04:25,508.0,0.0
2024-05-19 09:04:20,508.0,5.0
2024-05-19 09:04:15,507.0,2.0
2024-05-19 09:04:10,508.0,1.0
2024-05-19 09:04:05,506.0,2.0
2024-05-19 09:04:00,507.0,14.0
2024-05-19 09:03:55,507.0,1.0
2024-05-19 09:03:50,507.0,1.0
2024-05-19 09:03:45,507.0,1.0
2024-05-19 09:03:40,507.0,2.0
2024-05-19 09:03:35,507.0,0.0
2024-05-19 09:03:30,507.0,4.0
2024-05-19 09:03:25,508.0,1.0
2024-05-19 09:03:20,508.0,1.0
2024-05-19 09:03:15,508.0,0.0
2024-05-19 09:03:10,508.0,2.0
2024-05-19 09:03:05,508.0,2.0
2024-05-19 09:03:00,507.0,5.0
2024-05-19 09:02:55,507.0,2.0
2024-05-19 09:02:50,508.0,41.0
2024-05-19 09:02:45,509.0,2.0
2024-05-19 09:02:40,509.0,0.0
2024-05-19 09:02:35,509.0,2.0
2024-05-19 09:02:30,509.0,2.0
2024-05-19 09:02:25,509.0,31.0
2024-05-19 09:02:20,508.0,1.0
2024-05-19 09:02:15,508.0,0.0
2024-05-19 09:02:10,508.0,1.0
2024-05-19 09:02:05,509.0,2.0
2024-05-19 09:02:00,508.0,4.0
2024-05-19 09:01:55,509.0,0.0
2024-05-19 09:01:50,509.0,2.0
2024-05-19 09:01:45,509.0,5.0
2024-05-19 09:01:40,509.0,2.0
2024-05-19 09:01:35,509.0,15.0
2024-05-19 09:01:30,510.0,2.0
2024-05-19 09:01:25,510.0,2.0
2024-05-19 09:01:20,510.0,20.0
2024-05-19 09:01:15,509.0,0.0
2024-05-19 09:01:10,509.0,2.0
2024-05-19 09:01:05,510.0,2.0
2024-05-19 09:01:00,509.0,1.0
2024-05-19 09:00:55,510.0,0.0
2024-05-19 09:00:50,510.0,0.0
2024-05-19 09:00:45,510.0,4.0
2024-05-19 09:00:40,510.0,4.0
2024-05-19 09:00:35,510.0,18.0
2024-05-19 09:00:30,510.0,1.0
2024-05-19 09:00:25,511.0,1.0
2024-05-19 09:00:20,511.0,1.0
2024-05-19 09:00:15,509.0,2.0
2024-05-19 09:00:10,510.0,6.0
